item_name,state,latest_price
AYAM BERSIH - STANDARD,Johor,8.33299336360461
AYAM BERSIH - STANDARD,Kedah,8.952123197903013
AYAM BERSIH - STANDARD,Kelantan,8.514279202279202
AYAM BERSIH - STANDARD,Melaka,8.650522875816995
AYAM BERSIH - STANDARD,Negeri Sembilan,8.597480818414322
AYAM BERSIH - STANDARD,Pahang,8.563669097538742
AYAM BERSIH - STANDARD,Perak,8.889499540863177
AYAM BERSIH - STANDARD,Perlis,8.946544117647058
AYAM BERSIH - STANDARD,Pulau Pinang,9.281257014590349
AYAM BERSIH - STANDARD,Sabah,12.606174496644297
AYAM BERSIH - STANDARD,Sarawak,10.938256227758004
AYAM BERSIH - STANDARD,Selangor,8.732802030456854
AYAM BERSIH - STANDARD,Terengganu,8.837684401451027
AYAM BERSIH - STANDARD,W.P. Kuala Lumpur,8.709687645687644
AYAM BERSIH - STANDARD,W.P. Labuan,12.50344827586207
AYAM BERSIH - STANDARD,W.P. Putrajaya,8.62674418604651
BAWANG BESAR IMPORT (INDIA),Johor,5.349932572614108
BAWANG BESAR IMPORT (INDIA),Kedah,5.451359223300971
BAWANG BESAR IMPORT (INDIA),Kelantan,5.537735042735043
BAWANG BESAR IMPORT (INDIA),Melaka,5.6860556844547565
BAWANG BESAR IMPORT (INDIA),Negeri Sembilan,5.583918439716312
BAWANG BESAR IMPORT (INDIA),Pahang,5.758637770897834
BAWANG BESAR IMPORT (INDIA),Perak,5.358828729281769
BAWANG BESAR IMPORT (INDIA),Perlis,6.015581395348837
BAWANG BESAR IMPORT (INDIA),Pulau Pinang,5.644022988505749
BAWANG BESAR IMPORT (INDIA),Sabah,6.569540389972144
BAWANG BESAR IMPORT (INDIA),Sarawak,5.98749342681858
BAWANG BESAR IMPORT (INDIA),Selangor,5.400759398496241
BAWANG BESAR IMPORT (INDIA),Terengganu,5.670486223662885
BAWANG BESAR IMPORT (INDIA),W.P. Kuala Lumpur,5.653730846102598
BAWANG BESAR IMPORT (INDIA),W.P. Labuan,6.568421052631578
BAWANG BESAR IMPORT (INDIA),W.P. Putrajaya,6.484486692015209
BAWANG BESAR KUNING OR HOLLAND,Johor,4.445241882041088
BAWANG BESAR KUNING OR HOLLAND,Kedah,5.228512048192771
BAWANG BESAR KUNING OR HOLLAND,Kelantan,5.10299115913556
BAWANG BESAR KUNING OR HOLLAND,Melaka,4.937303370786518
BAWANG BESAR KUNING OR HOLLAND,Negeri Sembilan,4.841214374225526
BAWANG BESAR KUNING OR HOLLAND,Pahang,5.023993336506425
BAWANG BESAR KUNING OR HOLLAND,Perak,5.063528868360278
BAWANG BESAR KUNING OR HOLLAND,Perlis,4.951145454545455
BAWANG BESAR KUNING OR HOLLAND,Pulau Pinang,5.331771674744211
BAWANG BESAR KUNING OR HOLLAND,Sabah,6.081512214036449
BAWANG BESAR KUNING OR HOLLAND,Sarawak,5.473356835095966
BAWANG BESAR KUNING OR HOLLAND,Selangor,4.778673946957878
BAWANG BESAR KUNING OR HOLLAND,Terengganu,5.283409586056645
BAWANG BESAR KUNING OR HOLLAND,W.P. Kuala Lumpur,5.10311583011583
BAWANG BESAR KUNING OR HOLLAND,W.P. Labuan,6.3717325227963535
BAWANG BESAR KUNING OR HOLLAND,W.P. Putrajaya,5.353166666666667
BAWANG KECIL MERAH BIASA IMPORT (INDIA),Johor,6.048359621451104
BAWANG KECIL MERAH BIASA IMPORT (INDIA),Kedah,5.914896421845575
BAWANG KECIL MERAH BIASA IMPORT (INDIA),Kelantan,5.493364544319601
BAWANG KECIL MERAH BIASA IMPORT (INDIA),Melaka,6.777785714285714
BAWANG KECIL MERAH BIASA IMPORT (INDIA),Negeri Sembilan,5.824613259668509
BAWANG KECIL MERAH BIASA IMPORT (INDIA),Pahang,7.123280721533257
BAWANG KECIL MERAH BIASA IMPORT (INDIA),Perak,6.100697674418605
BAWANG KECIL MERAH BIASA IMPORT (INDIA),Perlis,8.048409090909091
BAWANG KECIL MERAH BIASA IMPORT (INDIA),Pulau Pinang,6.316553784860559
BAWANG KECIL MERAH BIASA IMPORT (INDIA),Sabah,10.625439330543934
BAWANG KECIL MERAH BIASA IMPORT (INDIA),Sarawak,8.875684210526314
BAWANG KECIL MERAH BIASA IMPORT (INDIA),Selangor,6.482127429805616
BAWANG KECIL MERAH BIASA IMPORT (INDIA),Terengganu,6.261111111111111
BAWANG KECIL MERAH BIASA IMPORT (INDIA),W.P. Kuala Lumpur,7.208102006688962
BAWANG KECIL MERAH BIASA IMPORT (INDIA),W.P. Labuan,5.3
BAWANG KECIL MERAH BIASA IMPORT (INDIA),W.P. Putrajaya,8.158333333333335
BAWANG KECIL MERAH ROSE IMPORT (INDIA),Johor,8.313929064947029
BAWANG KECIL MERAH ROSE IMPORT (INDIA),Kedah,9.516267496111974
BAWANG KECIL MERAH ROSE IMPORT (INDIA),Kelantan,7.5899375
BAWANG KECIL MERAH ROSE IMPORT (INDIA),Melaka,9.14445054945055
BAWANG KECIL MERAH ROSE IMPORT (INDIA),Negeri Sembilan,8.86910994764398
BAWANG KECIL MERAH ROSE IMPORT (INDIA),Pahang,8.489460580912862
BAWANG KECIL MERAH ROSE IMPORT (INDIA),Perak,8.915340461451885
BAWANG KECIL MERAH ROSE IMPORT (INDIA),Perlis,9.808169014084507
BAWANG KECIL MERAH ROSE IMPORT (INDIA),Pulau Pinang,9.447483930211202
BAWANG KECIL MERAH ROSE IMPORT (INDIA),Sabah,11.589531005732152
BAWANG KECIL MERAH ROSE IMPORT (INDIA),Sarawak,9.190221096269
BAWANG KECIL MERAH ROSE IMPORT (INDIA),Selangor,9.192080200501254
BAWANG KECIL MERAH ROSE IMPORT (INDIA),Terengganu,7.555759493670886
BAWANG KECIL MERAH ROSE IMPORT (INDIA),W.P. Kuala Lumpur,9.020469543147208
BAWANG KECIL MERAH ROSE IMPORT (INDIA),W.P. Labuan,12.376
BAWANG KECIL MERAH ROSE IMPORT (INDIA),W.P. Putrajaya,9.922774193548388
BAWANG PERAI (LEEK) IMPORT,Johor,10.713580320094843
BAWANG PERAI (LEEK) IMPORT,Kedah,12.461908783783784
BAWANG PERAI (LEEK) IMPORT,Kelantan,10.20080808080808
BAWANG PERAI (LEEK) IMPORT,Melaka,11.473794642857143
BAWANG PERAI (LEEK) IMPORT,Negeri Sembilan,10.139847560975609
BAWANG PERAI (LEEK) IMPORT,Pahang,11.030526946107784
BAWANG PERAI (LEEK) IMPORT,Perak,11.05449246231156
BAWANG PERAI (LEEK) IMPORT,Perlis,11.182469135802467
BAWANG PERAI (LEEK) IMPORT,Pulau Pinang,12.087298810356891
BAWANG PERAI (LEEK) IMPORT,Sabah,8.244220183486238
BAWANG PERAI (LEEK) IMPORT,Sarawak,13.24297432686287
BAWANG PERAI (LEEK) IMPORT,Selangor,10.767339642481598
BAWANG PERAI (LEEK) IMPORT,Terengganu,10.138292682926831
BAWANG PERAI (LEEK) IMPORT,W.P. Kuala Lumpur,10.807524381095272
BAWANG PERAI (LEEK) IMPORT,W.P. Labuan,15.566666666666668
BAWANG PERAI (LEEK) IMPORT,W.P. Putrajaya,10.24441176470588
BAWANG PUTIH IMPORT (CHINA),Johor,11.962042838874682
BAWANG PUTIH IMPORT (CHINA),Kedah,12.683601609657948
BAWANG PUTIH IMPORT (CHINA),Kelantan,12.19253453038674
BAWANG PUTIH IMPORT (CHINA),Melaka,13.39739371534196
BAWANG PUTIH IMPORT (CHINA),Negeri Sembilan,12.62
BAWANG PUTIH IMPORT (CHINA),Pahang,13.261934216985766
BAWANG PUTIH IMPORT (CHINA),Perak,12.777305543618391
BAWANG PUTIH IMPORT (CHINA),Perlis,12.173055555555557
BAWANG PUTIH IMPORT (CHINA),Pulau Pinang,12.70734837092732
BAWANG PUTIH IMPORT (CHINA),Sabah,11.736705113417916
BAWANG PUTIH IMPORT (CHINA),Sarawak,10.87889641434263
BAWANG PUTIH IMPORT (CHINA),Selangor,12.202221652129298
BAWANG PUTIH IMPORT (CHINA),Terengganu,12.37948946515397
BAWANG PUTIH IMPORT (CHINA),W.P. Kuala Lumpur,13.881764705882354
BAWANG PUTIH IMPORT (CHINA),W.P. Labuan,11.925811209439528
BAWANG PUTIH IMPORT (CHINA),W.P. Putrajaya,13.353835616438356
BAYAM HIJAU,Johor,4.793511387163561
BAYAM HIJAU,Kedah,4.634842271293375
BAYAM HIJAU,Kelantan,6.16717117117117
BAYAM HIJAU,Melaka,4.36210918114144
BAYAM HIJAU,Negeri Sembilan,4.515541125541126
BAYAM HIJAU,Pahang,4.247636560302867
BAYAM HIJAU,Perak,4.683602620087337
BAYAM HIJAU,Perlis,6.512380952380953
BAYAM HIJAU,Pulau Pinang,4.828210405946256
BAYAM HIJAU,Sabah,5.8052580195258034
BAYAM HIJAU,Sarawak,6.382682403433476
BAYAM HIJAU,Selangor,4.787279626386457
BAYAM HIJAU,Terengganu,6.5212064965197225
BAYAM HIJAU,W.P. Kuala Lumpur,5.806132177681473
BAYAM HIJAU,W.P. Labuan,5.3
BAYAM HIJAU,W.P. Putrajaya,6.06095785440613
BAYAM MERAH,Johor,4.66593373493976
BAYAM MERAH,Kedah,4.657614879649891
BAYAM MERAH,Kelantan,6.421056338028169
BAYAM MERAH,Melaka,4.182770270270271
BAYAM MERAH,Negeri Sembilan,5.088844444444446
BAYAM MERAH,Pahang,4.432502831257079
BAYAM MERAH,Perak,4.770703729767769
BAYAM MERAH,Perlis,6.285714285714286
BAYAM MERAH,Pulau Pinang,5.465939139559287
BAYAM MERAH,Sabah,5.925357766143106
BAYAM MERAH,Sarawak,6.508777173913043
BAYAM MERAH,Selangor,5.4616136919315394
BAYAM MERAH,Terengganu,6.430391254315305
BAYAM MERAH,W.P. Kuala Lumpur,7.709590909090909
BAYAM MERAH,W.P. Labuan,8.5
BAYAM MERAH,W.P. Putrajaya,7.272482758620691
BETIK BIASA,Johor,5.466270042194092
BETIK BIASA,Kedah,5.061157718120805
BETIK BIASA,Kelantan,5.544446680080483
BETIK BIASA,Melaka,5.608967391304349
BETIK BIASA,Negeri Sembilan,5.789499999999999
BETIK BIASA,Pahang,5.356346456692914
BETIK BIASA,Perak,5.485090390104662
BETIK BIASA,Perlis,5.641666666666666
BETIK BIASA,Pulau Pinang,5.51912429378531
BETIK BIASA,Sabah,3.615109321058688
BETIK BIASA,Sarawak,4.273423529411764
BETIK BIASA,Selangor,6.043018731988473
BETIK BIASA,Terengganu,5.383783231083845
BETIK BIASA,W.P. Kuala Lumpur,6.503763392857143
BETIK BIASA,W.P. Labuan,3.949101123595506
BETIK BIASA,W.P. Putrajaya,6.126633165829146
BROKOLI,Johor,11.835339141257
BROKOLI,Kedah,12.024173306772909
BROKOLI,Kelantan,12.378796812749004
BROKOLI,Melaka,12.291454545454544
BROKOLI,Negeri Sembilan,11.60337448559671
BROKOLI,Pahang,11.88953219927096
BROKOLI,Perak,11.977175324675324
BROKOLI,Perlis,12.66768953068592
BROKOLI,Pulau Pinang,11.66090541632983
BROKOLI,Sabah,14.861188197767143
BROKOLI,Sarawak,15.03611320754717
BROKOLI,Selangor,11.842517899761337
BROKOLI,Terengganu,12.66076
BROKOLI,W.P. Kuala Lumpur,11.913217960710943
BROKOLI,W.P. Labuan,16.367394366197182
BROKOLI,W.P. Putrajaya,13.030833333333335
CILI AKAR HIJAU,Johor,13.440042523033313
CILI AKAR HIJAU,Kedah,12.656630083925114
CILI AKAR HIJAU,Kelantan,12.934147245762713
CILI AKAR HIJAU,Melaka,13.072955032119916
CILI AKAR HIJAU,Negeri Sembilan,13.217709720372836
CILI AKAR HIJAU,Pahang,14.360389548693588
CILI AKAR HIJAU,Perak,13.8814064697609
CILI AKAR HIJAU,Perlis,12.915524475524476
CILI AKAR HIJAU,Pulau Pinang,13.623800106894713
CILI AKAR HIJAU,Sabah,18.339111747851003
CILI AKAR HIJAU,Sarawak,24.863416666666662
CILI AKAR HIJAU,Selangor,13.455022002200222
CILI AKAR HIJAU,Terengganu,13.588627906976743
CILI AKAR HIJAU,W.P. Kuala Lumpur,16.918365300784657
CILI AKAR HIJAU,W.P. Putrajaya,16.245399239543726
CILI AKAR MERAH,Johor,15.11013612056393
CILI AKAR MERAH,Kedah,17.466342648845686
CILI AKAR MERAH,Kelantan,16.68643509127789
CILI AKAR MERAH,Melaka,13.40967741935484
CILI AKAR MERAH,Negeri Sembilan,14.628862876254182
CILI AKAR MERAH,Pahang,16.695645390070922
CILI AKAR MERAH,Perak,16.00144216691069
CILI AKAR MERAH,Perlis,17.698293333333336
CILI AKAR MERAH,Pulau Pinang,15.905534441805225
CILI AKAR MERAH,Sabah,26.681568627450982
CILI AKAR MERAH,Sarawak,29.8253711790393
CILI AKAR MERAH,Selangor,15.333496932515336
CILI AKAR MERAH,Terengganu,15.976505602240897
CILI AKAR MERAH,W.P. Kuala Lumpur,18.85473615916955
CILI AKAR MERAH,W.P. Labuan,22.899999999999995
CILI AKAR MERAH,W.P. Putrajaya,16.625816733067733
CILI HIJAU,Johor,11.646956084478711
CILI HIJAU,Kedah,11.465261003070626
CILI HIJAU,Kelantan,10.921072164948455
CILI HIJAU,Melaka,12.008469387755104
CILI HIJAU,Negeri Sembilan,11.091104513064131
CILI HIJAU,Pahang,11.283190324052944
CILI HIJAU,Perak,11.868763440860215
CILI HIJAU,Perlis,11.898628571428572
CILI HIJAU,Pulau Pinang,11.543563411896743
CILI HIJAU,Sabah,17.803957915831663
CILI HIJAU,Sarawak,19.098599752168525
CILI HIJAU,Selangor,11.730737967914438
CILI HIJAU,Terengganu,11.62400339270568
CILI HIJAU,W.P. Kuala Lumpur,12.281735537190082
CILI HIJAU,W.P. Labuan,19.51806451612904
CILI HIJAU,W.P. Putrajaya,12.662955465587046
CILI KERING KERINTING (BERTANGKAI OR TIDAK BERTANGKAI),Johor,21.540010228435047
CILI KERING KERINTING (BERTANGKAI OR TIDAK BERTANGKAI),Kedah,23.51429752066116
CILI KERING KERINTING (BERTANGKAI OR TIDAK BERTANGKAI),Kelantan,24.312030141843973
CILI KERING KERINTING (BERTANGKAI OR TIDAK BERTANGKAI),Melaka,24.43925512104284
CILI KERING KERINTING (BERTANGKAI OR TIDAK BERTANGKAI),Negeri Sembilan,22.850799475753607
CILI KERING KERINTING (BERTANGKAI OR TIDAK BERTANGKAI),Pahang,21.555292008196727
CILI KERING KERINTING (BERTANGKAI OR TIDAK BERTANGKAI),Perak,22.88746430329887
CILI KERING KERINTING (BERTANGKAI OR TIDAK BERTANGKAI),Perlis,23.29115942028986
CILI KERING KERINTING (BERTANGKAI OR TIDAK BERTANGKAI),Pulau Pinang,24.33595457003786
CILI KERING KERINTING (BERTANGKAI OR TIDAK BERTANGKAI),Sabah,28.11285386381025
CILI KERING KERINTING (BERTANGKAI OR TIDAK BERTANGKAI),Sarawak,24.32703703703704
CILI KERING KERINTING (BERTANGKAI OR TIDAK BERTANGKAI),Selangor,22.33771869639794
CILI KERING KERINTING (BERTANGKAI OR TIDAK BERTANGKAI),Terengganu,23.62290744466801
CILI KERING KERINTING (BERTANGKAI OR TIDAK BERTANGKAI),W.P. Kuala Lumpur,24.736247524752475
CILI KERING KERINTING (BERTANGKAI OR TIDAK BERTANGKAI),W.P. Labuan,28.00771704180065
CILI KERING KERINTING (BERTANGKAI OR TIDAK BERTANGKAI),W.P. Putrajaya,25.431716738197427
DADA AYAM (CHICKEN KEEL) (1KG),Johor,13.978478130617138
DADA AYAM (CHICKEN KEEL) (1KG),Kedah,14.13702846975089
DADA AYAM (CHICKEN KEEL) (1KG),Kelantan,14.123376623376624
DADA AYAM (CHICKEN KEEL) (1KG),Melaka,12.252961165048546
DADA AYAM (CHICKEN KEEL) (1KG),Negeri Sembilan,13.242278225806452
DADA AYAM (CHICKEN KEEL) (1KG),Pahang,14.39100746268657
DADA AYAM (CHICKEN KEEL) (1KG),Perak,13.521614754098362
DADA AYAM (CHICKEN KEEL) (1KG),Perlis,13.498595041322313
DADA AYAM (CHICKEN KEEL) (1KG),Pulau Pinang,14.60862783810464
DADA AYAM (CHICKEN KEEL) (1KG),Sabah,14.832510309278351
DADA AYAM (CHICKEN KEEL) (1KG),Sarawak,13.090189873417724
DADA AYAM (CHICKEN KEEL) (1KG),Selangor,14.365436293436296
DADA AYAM (CHICKEN KEEL) (1KG),Terengganu,14.894990366088631
DADA AYAM (CHICKEN KEEL) (1KG),W.P. Kuala Lumpur,14.539484193011647
DADA AYAM (CHICKEN KEEL) (1KG),W.P. Labuan,14.5
DADA AYAM (CHICKEN KEEL) (1KG),W.P. Putrajaya,14.186298701298702
DAGING LEMBU TEMPATAN BAHAGIAN DAGING PAHA (KECUALI BATANG PINANG - TENDER ONLY),Johor,41.02620253164557
DAGING LEMBU TEMPATAN BAHAGIAN DAGING PAHA (KECUALI BATANG PINANG - TENDER ONLY),Kedah,38.73793103448276
DAGING LEMBU TEMPATAN BAHAGIAN DAGING PAHA (KECUALI BATANG PINANG - TENDER ONLY),Kelantan,32.99040767386091
DAGING LEMBU TEMPATAN BAHAGIAN DAGING PAHA (KECUALI BATANG PINANG - TENDER ONLY),Melaka,40.04848484848485
DAGING LEMBU TEMPATAN BAHAGIAN DAGING PAHA (KECUALI BATANG PINANG - TENDER ONLY),Negeri Sembilan,40.55833333333333
DAGING LEMBU TEMPATAN BAHAGIAN DAGING PAHA (KECUALI BATANG PINANG - TENDER ONLY),Pahang,38.15094339622642
DAGING LEMBU TEMPATAN BAHAGIAN DAGING PAHA (KECUALI BATANG PINANG - TENDER ONLY),Perak,36.82044887780549
DAGING LEMBU TEMPATAN BAHAGIAN DAGING PAHA (KECUALI BATANG PINANG - TENDER ONLY),Perlis,33.808510638297875
DAGING LEMBU TEMPATAN BAHAGIAN DAGING PAHA (KECUALI BATANG PINANG - TENDER ONLY),Pulau Pinang,40.34020618556701
DAGING LEMBU TEMPATAN BAHAGIAN DAGING PAHA (KECUALI BATANG PINANG - TENDER ONLY),Sabah,32.23456790123457
DAGING LEMBU TEMPATAN BAHAGIAN DAGING PAHA (KECUALI BATANG PINANG - TENDER ONLY),Sarawak,69.19230769230771
DAGING LEMBU TEMPATAN BAHAGIAN DAGING PAHA (KECUALI BATANG PINANG - TENDER ONLY),Selangor,39.220640569395016
DAGING LEMBU TEMPATAN BAHAGIAN DAGING PAHA (KECUALI BATANG PINANG - TENDER ONLY),Terengganu,35.25925925925926
DAGING LEMBU TEMPATAN BAHAGIAN DAGING PAHA (KECUALI BATANG PINANG - TENDER ONLY),W.P. Kuala Lumpur,45.24293333333333
DAGING LEMBU TEMPATAN BAHAGIAN DAGING PAHA (KECUALI BATANG PINANG - TENDER ONLY),W.P. Putrajaya,44.18125
DRAGON FRUIT MERAH,Johor,8.143035714285714
DRAGON FRUIT MERAH,Kedah,8.492378787878788
DRAGON FRUIT MERAH,Kelantan,8.766986301369863
DRAGON FRUIT MERAH,Melaka,7.971730205278592
DRAGON FRUIT MERAH,Negeri Sembilan,7.322650000000001
DRAGON FRUIT MERAH,Pahang,9.14486962190352
DRAGON FRUIT MERAH,Perak,8.49498132935026
DRAGON FRUIT MERAH,Perlis,10.022033898305088
DRAGON FRUIT MERAH,Pulau Pinang,9.396962524654834
DRAGON FRUIT MERAH,Sabah,14.377827225130888
DRAGON FRUIT MERAH,Sarawak,10.22622531089978
DRAGON FRUIT MERAH,Selangor,8.606493644067797
DRAGON FRUIT MERAH,Terengganu,10.106489479512735
DRAGON FRUIT MERAH,W.P. Kuala Lumpur,9.442943078913324
DRAGON FRUIT MERAH,W.P. Labuan,16.530162601626017
DRAGON FRUIT MERAH,W.P. Putrajaya,9.94978102189781
EPAL HIJAU GRANNY SMITH (SAIZ M),Johor,1.5855054432348368
EPAL HIJAU GRANNY SMITH (SAIZ M),Kedah,1.4481858407079644
EPAL HIJAU GRANNY SMITH (SAIZ M),Kelantan,1.5140677966101692
EPAL HIJAU GRANNY SMITH (SAIZ M),Melaka,1.56396694214876
EPAL HIJAU GRANNY SMITH (SAIZ M),Negeri Sembilan,1.4370750988142291
EPAL HIJAU GRANNY SMITH (SAIZ M),Pahang,1.7263559322033897
EPAL HIJAU GRANNY SMITH (SAIZ M),Perak,1.4212144955925563
EPAL HIJAU GRANNY SMITH (SAIZ M),Perlis,1.5885185185185184
EPAL HIJAU GRANNY SMITH (SAIZ M),Pulau Pinang,1.3486409395973151
EPAL HIJAU GRANNY SMITH (SAIZ M),Sabah,1.579863813229572
EPAL HIJAU GRANNY SMITH (SAIZ M),Sarawak,1.6482262996941897
EPAL HIJAU GRANNY SMITH (SAIZ M),Selangor,1.4698300970873788
EPAL HIJAU GRANNY SMITH (SAIZ M),Terengganu,1.679502762430939
EPAL HIJAU GRANNY SMITH (SAIZ M),W.P. Kuala Lumpur,1.6802483801295898
EPAL HIJAU GRANNY SMITH (SAIZ M),W.P. Putrajaya,1.5403937007874018
HALIA BASAH (TUA),Johor,11.736321733821734
HALIA BASAH (TUA),Kedah,12.49332953898691
HALIA BASAH (TUA),Kelantan,11.679344827586206
HALIA BASAH (TUA),Melaka,13.016528925619836
HALIA BASAH (TUA),Negeri Sembilan,12.35928217821782
HALIA BASAH (TUA),Pahang,12.706884955752212
HALIA BASAH (TUA),Perak,12.50152229845626
HALIA BASAH (TUA),Perlis,12.392289803220038
HALIA BASAH (TUA),Pulau Pinang,12.171933534743202
HALIA BASAH (TUA),Sabah,16.94205546492659
HALIA BASAH (TUA),Sarawak,11.69755432635322
HALIA BASAH (TUA),Selangor,11.870054644808745
HALIA BASAH (TUA),Terengganu,12.326978536048433
HALIA BASAH (TUA),W.P. Kuala Lumpur,12.849013980868287
HALIA BASAH (TUA),W.P. Labuan,17.922580645161293
HALIA BASAH (TUA),W.P. Putrajaya,12.054983498349834
IKAN BAWAL HITAM (ANTARA 2 HINGGA 5 EKOR SEKILOGRAM),Johor,26.39546836982968
IKAN BAWAL HITAM (ANTARA 2 HINGGA 5 EKOR SEKILOGRAM),Kedah,26.425202380952378
IKAN BAWAL HITAM (ANTARA 2 HINGGA 5 EKOR SEKILOGRAM),Kelantan,24.23624641833811
IKAN BAWAL HITAM (ANTARA 2 HINGGA 5 EKOR SEKILOGRAM),Melaka,26.57573065902579
IKAN BAWAL HITAM (ANTARA 2 HINGGA 5 EKOR SEKILOGRAM),Negeri Sembilan,25.91156862745098
IKAN BAWAL HITAM (ANTARA 2 HINGGA 5 EKOR SEKILOGRAM),Pahang,27.47215851602024
IKAN BAWAL HITAM (ANTARA 2 HINGGA 5 EKOR SEKILOGRAM),Perak,26.170903573836814
IKAN BAWAL HITAM (ANTARA 2 HINGGA 5 EKOR SEKILOGRAM),Perlis,25.1623595505618
IKAN BAWAL HITAM (ANTARA 2 HINGGA 5 EKOR SEKILOGRAM),Pulau Pinang,27.90646422628952
IKAN BAWAL HITAM (ANTARA 2 HINGGA 5 EKOR SEKILOGRAM),Sabah,26.18075409836065
IKAN BAWAL HITAM (ANTARA 2 HINGGA 5 EKOR SEKILOGRAM),Sarawak,28.76039528023599
IKAN BAWAL HITAM (ANTARA 2 HINGGA 5 EKOR SEKILOGRAM),Selangor,28.94376319758673
IKAN BAWAL HITAM (ANTARA 2 HINGGA 5 EKOR SEKILOGRAM),Terengganu,25.497991718426498
IKAN BAWAL HITAM (ANTARA 2 HINGGA 5 EKOR SEKILOGRAM),W.P. Kuala Lumpur,33.377045805455474
IKAN BAWAL HITAM (ANTARA 2 HINGGA 5 EKOR SEKILOGRAM),W.P. Labuan,25.0
IKAN BAWAL HITAM (ANTARA 2 HINGGA 5 EKOR SEKILOGRAM),W.P. Putrajaya,28.40046979865772
IKAN BILIS GRED B (KOPEK),Johor,34.20155112219452
IKAN BILIS GRED B (KOPEK),Kedah,28.89272445820433
IKAN BILIS GRED B (KOPEK),Kelantan,23.832393822393826
IKAN BILIS GRED B (KOPEK),Melaka,43.97416666666667
IKAN BILIS GRED B (KOPEK),Negeri Sembilan,23.623507109004738
IKAN BILIS GRED B (KOPEK),Pahang,21.45049683830172
IKAN BILIS GRED B (KOPEK),Perak,27.523422885572145
IKAN BILIS GRED B (KOPEK),Perlis,19.17606707317073
IKAN BILIS GRED B (KOPEK),Pulau Pinang,26.680917721518995
IKAN BILIS GRED B (KOPEK),Sabah,38.76692965779468
IKAN BILIS GRED B (KOPEK),Sarawak,37.73597995545656
IKAN BILIS GRED B (KOPEK),Selangor,25.12260586319218
IKAN BILIS GRED B (KOPEK),Terengganu,25.79823529411765
IKAN BILIS GRED B (KOPEK),W.P. Kuala Lumpur,25.80763702801461
IKAN BILIS GRED B (KOPEK),W.P. Labuan,41.46666666666666
IKAN BILIS GRED B (KOPEK),W.P. Putrajaya,29.83513043478261
IKAN CENCARU (ANTARA 4 HINGGA 6 EKOR SEKILOGRAM),Johor,9.793954526999594
IKAN CENCARU (ANTARA 4 HINGGA 6 EKOR SEKILOGRAM),Kedah,9.533036809815952
IKAN CENCARU (ANTARA 4 HINGGA 6 EKOR SEKILOGRAM),Kelantan,9.69266578249337
IKAN CENCARU (ANTARA 4 HINGGA 6 EKOR SEKILOGRAM),Melaka,9.6544
IKAN CENCARU (ANTARA 4 HINGGA 6 EKOR SEKILOGRAM),Negeri Sembilan,9.546709401709402
IKAN CENCARU (ANTARA 4 HINGGA 6 EKOR SEKILOGRAM),Pahang,10.907787794729542
IKAN CENCARU (ANTARA 4 HINGGA 6 EKOR SEKILOGRAM),Perak,9.812712418300654
IKAN CENCARU (ANTARA 4 HINGGA 6 EKOR SEKILOGRAM),Perlis,9.893594470046082
IKAN CENCARU (ANTARA 4 HINGGA 6 EKOR SEKILOGRAM),Pulau Pinang,10.295829596412556
IKAN CENCARU (ANTARA 4 HINGGA 6 EKOR SEKILOGRAM),Sabah,9.350700636942676
IKAN CENCARU (ANTARA 4 HINGGA 6 EKOR SEKILOGRAM),Sarawak,9.890559741657697
IKAN CENCARU (ANTARA 4 HINGGA 6 EKOR SEKILOGRAM),Selangor,10.669082073434124
IKAN CENCARU (ANTARA 4 HINGGA 6 EKOR SEKILOGRAM),Terengganu,10.647835153922545
IKAN CENCARU (ANTARA 4 HINGGA 6 EKOR SEKILOGRAM),W.P. Kuala Lumpur,12.12252024291498
IKAN CENCARU (ANTARA 4 HINGGA 6 EKOR SEKILOGRAM),W.P. Labuan,10.444285714285712
IKAN CENCARU (ANTARA 4 HINGGA 6 EKOR SEKILOGRAM),W.P. Putrajaya,11.581724137931037
IKAN GELAMA (ANTARA 5 HINGGA 10 EKOR SEKILOGRAM),Johor,10.370793388429751
IKAN GELAMA (ANTARA 5 HINGGA 10 EKOR SEKILOGRAM),Kedah,10.064842931937171
IKAN GELAMA (ANTARA 5 HINGGA 10 EKOR SEKILOGRAM),Kelantan,13.958130217028382
IKAN GELAMA (ANTARA 5 HINGGA 10 EKOR SEKILOGRAM),Melaka,11.86991416309013
IKAN GELAMA (ANTARA 5 HINGGA 10 EKOR SEKILOGRAM),Negeri Sembilan,9.830191387559807
IKAN GELAMA (ANTARA 5 HINGGA 10 EKOR SEKILOGRAM),Pahang,11.583395638629282
IKAN GELAMA (ANTARA 5 HINGGA 10 EKOR SEKILOGRAM),Perak,10.186078639744954
IKAN GELAMA (ANTARA 5 HINGGA 10 EKOR SEKILOGRAM),Perlis,11.2
IKAN GELAMA (ANTARA 5 HINGGA 10 EKOR SEKILOGRAM),Pulau Pinang,10.798022727272729
IKAN GELAMA (ANTARA 5 HINGGA 10 EKOR SEKILOGRAM),Sabah,10.166666666666666
IKAN GELAMA (ANTARA 5 HINGGA 10 EKOR SEKILOGRAM),Sarawak,11.801962616822433
IKAN GELAMA (ANTARA 5 HINGGA 10 EKOR SEKILOGRAM),Selangor,10.70375
IKAN GELAMA (ANTARA 5 HINGGA 10 EKOR SEKILOGRAM),Terengganu,12.09219827586207
IKAN GELAMA (ANTARA 5 HINGGA 10 EKOR SEKILOGRAM),W.P. Kuala Lumpur,11.03244604316547
IKAN GELAMA (ANTARA 5 HINGGA 10 EKOR SEKILOGRAM),W.P. Labuan,12.038666666666666
IKAN GELAMA (ANTARA 5 HINGGA 10 EKOR SEKILOGRAM),W.P. Putrajaya,10.7895
IKAN JENAHAK,Johor,33.08463917525773
IKAN JENAHAK,Kedah,31.47575697211155
IKAN JENAHAK,Kelantan,34.90425531914894
IKAN JENAHAK,Melaka,34.33296167247387
IKAN JENAHAK,Negeri Sembilan,32.50799544419134
IKAN JENAHAK,Pahang,37.06490196078431
IKAN JENAHAK,Perak,32.317189014539586
IKAN JENAHAK,Perlis,30.875245901639342
IKAN JENAHAK,Pulau Pinang,32.82915019762846
IKAN JENAHAK,Sabah,28.25588235294117
IKAN JENAHAK,Sarawak,31.127443181818183
IKAN JENAHAK,Selangor,36.40154721274175
IKAN JENAHAK,Terengganu,38.4650847457627
IKAN JENAHAK,W.P. Kuala Lumpur,39.52202987697714
IKAN JENAHAK,W.P. Labuan,32.76470588235294
IKAN JENAHAK,W.P. Putrajaya,36.16346666666667
IKAN JENAHAK (KEPINGAN),Johor,44.43217353198949
IKAN JENAHAK (KEPINGAN),Kedah,42.68368078175896
IKAN JENAHAK (KEPINGAN),Kelantan,45.86893617021277
IKAN JENAHAK (KEPINGAN),Melaka,45.43200892857142
IKAN JENAHAK (KEPINGAN),Negeri Sembilan,43.34646370023419
IKAN JENAHAK (KEPINGAN),Pahang,41.36784638554217
IKAN JENAHAK (KEPINGAN),Perak,45.46110026619344
IKAN JENAHAK (KEPINGAN),Perlis,39.516666666666666
IKAN JENAHAK (KEPINGAN),Pulau Pinang,52.22185101580135
IKAN JENAHAK (KEPINGAN),Sabah,37.04565217391304
IKAN JENAHAK (KEPINGAN),Sarawak,39.74036697247706
IKAN JENAHAK (KEPINGAN),Selangor,47.40089771891096
IKAN JENAHAK (KEPINGAN),Terengganu,47.009785714285705
IKAN JENAHAK (KEPINGAN),W.P. Kuala Lumpur,57.792203777904966
IKAN JENAHAK (KEPINGAN),W.P. Labuan,35.0
IKAN JENAHAK (KEPINGAN),W.P. Putrajaya,47.65966824644549
IKAN KELI (ANTARA 2 HINGGA 5 EKOR SEKILOGRAM),Johor,10.369748901443815
IKAN KELI (ANTARA 2 HINGGA 5 EKOR SEKILOGRAM),Kedah,10.742216748768474
IKAN KELI (ANTARA 2 HINGGA 5 EKOR SEKILOGRAM),Kelantan,10.15833650190114
IKAN KELI (ANTARA 2 HINGGA 5 EKOR SEKILOGRAM),Melaka,9.92931899641577
IKAN KELI (ANTARA 2 HINGGA 5 EKOR SEKILOGRAM),Negeri Sembilan,9.51040366972477
IKAN KELI (ANTARA 2 HINGGA 5 EKOR SEKILOGRAM),Pahang,11.283080724876442
IKAN KELI (ANTARA 2 HINGGA 5 EKOR SEKILOGRAM),Perak,9.840212765957446
IKAN KELI (ANTARA 2 HINGGA 5 EKOR SEKILOGRAM),Perlis,9.286986301369865
IKAN KELI (ANTARA 2 HINGGA 5 EKOR SEKILOGRAM),Pulau Pinang,10.915302445302444
IKAN KELI (ANTARA 2 HINGGA 5 EKOR SEKILOGRAM),Sabah,11.147698412698416
IKAN KELI (ANTARA 2 HINGGA 5 EKOR SEKILOGRAM),Sarawak,12.08469155844156
IKAN KELI (ANTARA 2 HINGGA 5 EKOR SEKILOGRAM),Selangor,10.86297429620563
IKAN KELI (ANTARA 2 HINGGA 5 EKOR SEKILOGRAM),Terengganu,11.687543209876544
IKAN KELI (ANTARA 2 HINGGA 5 EKOR SEKILOGRAM),W.P. Kuala Lumpur,11.483320079522864
IKAN KELI (ANTARA 2 HINGGA 5 EKOR SEKILOGRAM),W.P. Labuan,12.9
IKAN KELI (ANTARA 2 HINGGA 5 EKOR SEKILOGRAM),W.P. Putrajaya,11.547062146892657
IKAN KEMBUNG (ANTARA 8 HINGGA 12 EKOR SEKILOGRAM),Johor,18.06685307017544
IKAN KEMBUNG (ANTARA 8 HINGGA 12 EKOR SEKILOGRAM),Kedah,14.251180981595091
IKAN KEMBUNG (ANTARA 8 HINGGA 12 EKOR SEKILOGRAM),Kelantan,16.90739773716275
IKAN KEMBUNG (ANTARA 8 HINGGA 12 EKOR SEKILOGRAM),Melaka,17.153846153846153
IKAN KEMBUNG (ANTARA 8 HINGGA 12 EKOR SEKILOGRAM),Negeri Sembilan,17.621621621621625
IKAN KEMBUNG (ANTARA 8 HINGGA 12 EKOR SEKILOGRAM),Pahang,19.29777113578138
IKAN KEMBUNG (ANTARA 8 HINGGA 12 EKOR SEKILOGRAM),Perak,13.72722537878788
IKAN KEMBUNG (ANTARA 8 HINGGA 12 EKOR SEKILOGRAM),Perlis,13.333333333333334
IKAN KEMBUNG (ANTARA 8 HINGGA 12 EKOR SEKILOGRAM),Pulau Pinang,14.365314685314686
IKAN KEMBUNG (ANTARA 8 HINGGA 12 EKOR SEKILOGRAM),Sabah,10.315903426791278
IKAN KEMBUNG (ANTARA 8 HINGGA 12 EKOR SEKILOGRAM),Sarawak,13.918655462184876
IKAN KEMBUNG (ANTARA 8 HINGGA 12 EKOR SEKILOGRAM),Selangor,21.02511235955056
IKAN KEMBUNG (ANTARA 8 HINGGA 12 EKOR SEKILOGRAM),Terengganu,17.82108527131783
IKAN KEMBUNG (ANTARA 8 HINGGA 12 EKOR SEKILOGRAM),W.P. Kuala Lumpur,19.732934898612594
IKAN KEMBUNG (ANTARA 8 HINGGA 12 EKOR SEKILOGRAM),W.P. Labuan,12.15404624277457
IKAN KEMBUNG (ANTARA 8 HINGGA 12 EKOR SEKILOGRAM),W.P. Putrajaya,19.488931297709925
IKAN KEMBUNG KECIL OR PELALING,Johor,13.680537839124227
IKAN KEMBUNG KECIL OR PELALING,Kedah,11.532286541244574
IKAN KEMBUNG KECIL OR PELALING,Kelantan,12.514173228346458
IKAN KEMBUNG KECIL OR PELALING,Melaka,13.876706231454008
IKAN KEMBUNG KECIL OR PELALING,Negeri Sembilan,13.132051282051282
IKAN KEMBUNG KECIL OR PELALING,Pahang,14.464773299748112
IKAN KEMBUNG KECIL OR PELALING,Perak,12.19679960119641
IKAN KEMBUNG KECIL OR PELALING,Perlis,11.744386617100371
IKAN KEMBUNG KECIL OR PELALING,Pulau Pinang,11.574231433506046
IKAN KEMBUNG KECIL OR PELALING,Sabah,7.729197080291971
IKAN KEMBUNG KECIL OR PELALING,Sarawak,11.338492647058825
IKAN KEMBUNG KECIL OR PELALING,Selangor,14.57677288135593
IKAN KEMBUNG KECIL OR PELALING,Terengganu,12.493414634146342
IKAN KEMBUNG KECIL OR PELALING,W.P. Kuala Lumpur,15.415266089108911
IKAN KEMBUNG KECIL OR PELALING,W.P. Labuan,10.9
IKAN KEMBUNG KECIL OR PELALING,W.P. Putrajaya,15.789542857142862
IKAN KERAPU (ANTARA 2 HINGGA 5 EKOR SEKILOGRAM),Johor,25.177241379310345
IKAN KERAPU (ANTARA 2 HINGGA 5 EKOR SEKILOGRAM),Kedah,21.94563829787234
IKAN KERAPU (ANTARA 2 HINGGA 5 EKOR SEKILOGRAM),Kelantan,18.993679245283023
IKAN KERAPU (ANTARA 2 HINGGA 5 EKOR SEKILOGRAM),Melaka,23.069565217391304
IKAN KERAPU (ANTARA 2 HINGGA 5 EKOR SEKILOGRAM),Negeri Sembilan,18.336907894736843
IKAN KERAPU (ANTARA 2 HINGGA 5 EKOR SEKILOGRAM),Pahang,29.03409722222223
IKAN KERAPU (ANTARA 2 HINGGA 5 EKOR SEKILOGRAM),Perak,25.073728813559324
IKAN KERAPU (ANTARA 2 HINGGA 5 EKOR SEKILOGRAM),Perlis,28.285714285714285
IKAN KERAPU (ANTARA 2 HINGGA 5 EKOR SEKILOGRAM),Pulau Pinang,27.64354838709677
IKAN KERAPU (ANTARA 2 HINGGA 5 EKOR SEKILOGRAM),Sabah,16.858333333333334
IKAN KERAPU (ANTARA 2 HINGGA 5 EKOR SEKILOGRAM),Sarawak,22.5985046728972
IKAN KERAPU (ANTARA 2 HINGGA 5 EKOR SEKILOGRAM),Selangor,28.69828571428572
IKAN KERAPU (ANTARA 2 HINGGA 5 EKOR SEKILOGRAM),Terengganu,24.52671957671957
IKAN KERAPU (ANTARA 2 HINGGA 5 EKOR SEKILOGRAM),W.P. Kuala Lumpur,24.84156701030928
IKAN KERAPU (ANTARA 2 HINGGA 5 EKOR SEKILOGRAM),W.P. Labuan,24.593333333333334
IKAN KERAPU (ANTARA 2 HINGGA 5 EKOR SEKILOGRAM),W.P. Putrajaya,26.875
IKAN KERISI (ANTARA 5 HINGGA 10 EKOR SEKILOGRAM),Johor,15.984441041347628
IKAN KERISI (ANTARA 5 HINGGA 10 EKOR SEKILOGRAM),Kedah,14.67476404494382
IKAN KERISI (ANTARA 5 HINGGA 10 EKOR SEKILOGRAM),Kelantan,15.413670694864049
IKAN KERISI (ANTARA 5 HINGGA 10 EKOR SEKILOGRAM),Melaka,16.77389784946237
IKAN KERISI (ANTARA 5 HINGGA 10 EKOR SEKILOGRAM),Negeri Sembilan,16.180120689655176
IKAN KERISI (ANTARA 5 HINGGA 10 EKOR SEKILOGRAM),Pahang,17.37844672657253
IKAN KERISI (ANTARA 5 HINGGA 10 EKOR SEKILOGRAM),Perak,15.533888198757763
IKAN KERISI (ANTARA 5 HINGGA 10 EKOR SEKILOGRAM),Perlis,13.158653846153848
IKAN KERISI (ANTARA 5 HINGGA 10 EKOR SEKILOGRAM),Pulau Pinang,15.76645833333333
IKAN KERISI (ANTARA 5 HINGGA 10 EKOR SEKILOGRAM),Sabah,10.44702380952381
IKAN KERISI (ANTARA 5 HINGGA 10 EKOR SEKILOGRAM),Sarawak,12.499222972972971
IKAN KERISI (ANTARA 5 HINGGA 10 EKOR SEKILOGRAM),Selangor,16.781829495955197
IKAN KERISI (ANTARA 5 HINGGA 10 EKOR SEKILOGRAM),Terengganu,11.927093596059112
IKAN KERISI (ANTARA 5 HINGGA 10 EKOR SEKILOGRAM),W.P. Kuala Lumpur,19.59787753222836
IKAN KERISI (ANTARA 5 HINGGA 10 EKOR SEKILOGRAM),W.P. Labuan,11.60948905109489
IKAN KERISI (ANTARA 5 HINGGA 10 EKOR SEKILOGRAM),W.P. Putrajaya,17.49646464646465
IKAN MABUNG (ANTARA 6 HINGGA 10 EKOR SEKILOGRAM),Johor,17.913558139534885
IKAN MABUNG (ANTARA 6 HINGGA 10 EKOR SEKILOGRAM),Kedah,16.287360178970918
IKAN MABUNG (ANTARA 6 HINGGA 10 EKOR SEKILOGRAM),Kelantan,17.93738888888889
IKAN MABUNG (ANTARA 6 HINGGA 10 EKOR SEKILOGRAM),Melaka,17.659525423728812
IKAN MABUNG (ANTARA 6 HINGGA 10 EKOR SEKILOGRAM),Negeri Sembilan,16.817257525083615
IKAN MABUNG (ANTARA 6 HINGGA 10 EKOR SEKILOGRAM),Pahang,18.22854599406528
IKAN MABUNG (ANTARA 6 HINGGA 10 EKOR SEKILOGRAM),Perak,16.94781368821293
IKAN MABUNG (ANTARA 6 HINGGA 10 EKOR SEKILOGRAM),Perlis,18.24678571428572
IKAN MABUNG (ANTARA 6 HINGGA 10 EKOR SEKILOGRAM),Pulau Pinang,17.003471264367818
IKAN MABUNG (ANTARA 6 HINGGA 10 EKOR SEKILOGRAM),Sabah,11.025725190839694
IKAN MABUNG (ANTARA 6 HINGGA 10 EKOR SEKILOGRAM),Sarawak,11.76777777777778
IKAN MABUNG (ANTARA 6 HINGGA 10 EKOR SEKILOGRAM),Selangor,18.806894457099467
IKAN MABUNG (ANTARA 6 HINGGA 10 EKOR SEKILOGRAM),Terengganu,15.677307692307693
IKAN MABUNG (ANTARA 6 HINGGA 10 EKOR SEKILOGRAM),W.P. Kuala Lumpur,22.418014959723823
IKAN MABUNG (ANTARA 6 HINGGA 10 EKOR SEKILOGRAM),W.P. Labuan,14.9
IKAN MABUNG (ANTARA 6 HINGGA 10 EKOR SEKILOGRAM),W.P. Putrajaya,18.837279411764705
IKAN PARI (KEPINGAN),Johor,29.768050407709417
IKAN PARI (KEPINGAN),Kedah,30.730650406504065
IKAN PARI (KEPINGAN),Kelantan,26.81249602543721
IKAN PARI (KEPINGAN),Melaka,31.74059040590406
IKAN PARI (KEPINGAN),Negeri Sembilan,29.273275862068964
IKAN PARI (KEPINGAN),Pahang,29.350983379501383
IKAN PARI (KEPINGAN),Perak,31.41052256532067
IKAN PARI (KEPINGAN),Perlis,29.695882352941176
IKAN PARI (KEPINGAN),Pulau Pinang,34.26585127201565
IKAN PARI (KEPINGAN),Sabah,11.228495145631069
IKAN PARI (KEPINGAN),Sarawak,21.22181923522596
IKAN PARI (KEPINGAN),Selangor,33.20296769346356
IKAN PARI (KEPINGAN),Terengganu,27.04757660167132
IKAN PARI (KEPINGAN),W.P. Kuala Lumpur,37.063547717842326
IKAN PARI (KEPINGAN),W.P. Labuan,12.899259259259258
IKAN PARI (KEPINGAN),W.P. Putrajaya,35.90305970149254
IKAN SELAR PELATA,Johor,15.439468377635196
IKAN SELAR PELATA,Kedah,14.286654205607476
IKAN SELAR PELATA,Kelantan,16.572120991253644
IKAN SELAR PELATA,Melaka,16.38515892420538
IKAN SELAR PELATA,Negeri Sembilan,16.008173076923075
IKAN SELAR PELATA,Pahang,17.05104548540394
IKAN SELAR PELATA,Perak,15.733660990712076
IKAN SELAR PELATA,Perlis,14.0425
IKAN SELAR PELATA,Pulau Pinang,15.572957983193277
IKAN SELAR PELATA,Sabah,12.40733846153846
IKAN SELAR PELATA,Sarawak,15.597032786885244
IKAN SELAR PELATA,Selangor,18.2833292079208
IKAN SELAR PELATA,Terengganu,15.381329011345215
IKAN SELAR PELATA,W.P. Kuala Lumpur,20.632911038658595
IKAN SELAR PELATA,W.P. Labuan,15.287172774869116
IKAN SELAR PELATA,W.P. Putrajaya,18.755430107526884
IKAN SELAYANG OR SARDIN,Johor,11.368233809924304
IKAN SELAYANG OR SARDIN,Kedah,12.50681952662722
IKAN SELAYANG OR SARDIN,Kelantan,10.672693548387096
IKAN SELAYANG OR SARDIN,Melaka,10.777328244274807
IKAN SELAYANG OR SARDIN,Negeri Sembilan,12.024447115384616
IKAN SELAYANG OR SARDIN,Pahang,13.460470957613817
IKAN SELAYANG OR SARDIN,Perak,11.592828212290502
IKAN SELAYANG OR SARDIN,Perlis,12.573898305084745
IKAN SELAYANG OR SARDIN,Pulau Pinang,12.65798347107438
IKAN SELAYANG OR SARDIN,Sabah,9.876236811254396
IKAN SELAYANG OR SARDIN,Sarawak,10.20150895140665
IKAN SELAYANG OR SARDIN,Selangor,14.037329013678908
IKAN SELAYANG OR SARDIN,Terengganu,11.970965447154471
IKAN SELAYANG OR SARDIN,W.P. Kuala Lumpur,14.824334545454548
IKAN SELAYANG OR SARDIN,W.P. Labuan,10.595652173913049
IKAN SELAYANG OR SARDIN,W.P. Putrajaya,15.308944444444448
IKAN SIAKAP (ANTARA 2 HINGGA 4 EKOR SEKILOGRAM),Johor,18.365238419618528
IKAN SIAKAP (ANTARA 2 HINGGA 4 EKOR SEKILOGRAM),Kedah,18.827194163860828
IKAN SIAKAP (ANTARA 2 HINGGA 4 EKOR SEKILOGRAM),Kelantan,18.117283236994226
IKAN SIAKAP (ANTARA 2 HINGGA 4 EKOR SEKILOGRAM),Melaka,18.91615646258504
IKAN SIAKAP (ANTARA 2 HINGGA 4 EKOR SEKILOGRAM),Negeri Sembilan,17.781677559912858
IKAN SIAKAP (ANTARA 2 HINGGA 4 EKOR SEKILOGRAM),Pahang,18.87948782011244
IKAN SIAKAP (ANTARA 2 HINGGA 4 EKOR SEKILOGRAM),Perak,17.91954811715481
IKAN SIAKAP (ANTARA 2 HINGGA 4 EKOR SEKILOGRAM),Perlis,17.571973094170406
IKAN SIAKAP (ANTARA 2 HINGGA 4 EKOR SEKILOGRAM),Pulau Pinang,19.69411458333333
IKAN SIAKAP (ANTARA 2 HINGGA 4 EKOR SEKILOGRAM),Sabah,22.104433333333333
IKAN SIAKAP (ANTARA 2 HINGGA 4 EKOR SEKILOGRAM),Sarawak,23.22317744154057
IKAN SIAKAP (ANTARA 2 HINGGA 4 EKOR SEKILOGRAM),Selangor,20.78212807881773
IKAN SIAKAP (ANTARA 2 HINGGA 4 EKOR SEKILOGRAM),Terengganu,19.48835651074589
IKAN SIAKAP (ANTARA 2 HINGGA 4 EKOR SEKILOGRAM),W.P. Kuala Lumpur,22.040401125967627
IKAN SIAKAP (ANTARA 2 HINGGA 4 EKOR SEKILOGRAM),W.P. Labuan,25.99
IKAN SIAKAP (ANTARA 2 HINGGA 4 EKOR SEKILOGRAM),W.P. Putrajaya,22.56866141732284
IKAN TENGGIRI BATANG (ANTARA 1 HINGGA 2 EKOR SEKILOGRAM),Johor,34.92775043936731
IKAN TENGGIRI BATANG (ANTARA 1 HINGGA 2 EKOR SEKILOGRAM),Kedah,32.25763358778626
IKAN TENGGIRI BATANG (ANTARA 1 HINGGA 2 EKOR SEKILOGRAM),Kelantan,36.59807692307693
IKAN TENGGIRI BATANG (ANTARA 1 HINGGA 2 EKOR SEKILOGRAM),Melaka,32.580215053763446
IKAN TENGGIRI BATANG (ANTARA 1 HINGGA 2 EKOR SEKILOGRAM),Negeri Sembilan,35.5017037037037
IKAN TENGGIRI BATANG (ANTARA 1 HINGGA 2 EKOR SEKILOGRAM),Pahang,32.791538461538465
IKAN TENGGIRI BATANG (ANTARA 1 HINGGA 2 EKOR SEKILOGRAM),Perak,33.3362613981763
IKAN TENGGIRI BATANG (ANTARA 1 HINGGA 2 EKOR SEKILOGRAM),Perlis,35.5
IKAN TENGGIRI BATANG (ANTARA 1 HINGGA 2 EKOR SEKILOGRAM),Pulau Pinang,33.1931506849315
IKAN TENGGIRI BATANG (ANTARA 1 HINGGA 2 EKOR SEKILOGRAM),Sabah,22.74478260869565
IKAN TENGGIRI BATANG (ANTARA 1 HINGGA 2 EKOR SEKILOGRAM),Sarawak,27.090165975103737
IKAN TENGGIRI BATANG (ANTARA 1 HINGGA 2 EKOR SEKILOGRAM),Selangor,37.10133879781421
IKAN TENGGIRI BATANG (ANTARA 1 HINGGA 2 EKOR SEKILOGRAM),Terengganu,38.70470588235294
IKAN TENGGIRI BATANG (ANTARA 1 HINGGA 2 EKOR SEKILOGRAM),W.P. Kuala Lumpur,40.75310426540284
IKAN TENGGIRI BATANG (ANTARA 1 HINGGA 2 EKOR SEKILOGRAM),W.P. Labuan,25.142857142857142
IKAN TENGGIRI BATANG (ANTARA 1 HINGGA 2 EKOR SEKILOGRAM),W.P. Putrajaya,40.0811475409836
IKAN TENGGIRI BATANG (KEPINGAN),Johor,47.802258469259726
IKAN TENGGIRI BATANG (KEPINGAN),Kedah,42.98865979381443
IKAN TENGGIRI BATANG (KEPINGAN),Kelantan,40.06018087855298
IKAN TENGGIRI BATANG (KEPINGAN),Melaka,44.994691358024696
IKAN TENGGIRI BATANG (KEPINGAN),Negeri Sembilan,45.210666666666654
IKAN TENGGIRI BATANG (KEPINGAN),Pahang,45.08503189792664
IKAN TENGGIRI BATANG (KEPINGAN),Perak,47.230708571428565
IKAN TENGGIRI BATANG (KEPINGAN),Perlis,47.03821428571429
IKAN TENGGIRI BATANG (KEPINGAN),Pulau Pinang,49.40102449888641
IKAN TENGGIRI BATANG (KEPINGAN),Sabah,30.13095693779905
IKAN TENGGIRI BATANG (KEPINGAN),Sarawak,37.67476454293628
IKAN TENGGIRI BATANG (KEPINGAN),Selangor,47.75488437281009
IKAN TENGGIRI BATANG (KEPINGAN),Terengganu,40.90128676470588
IKAN TENGGIRI BATANG (KEPINGAN),W.P. Kuala Lumpur,56.8145506967804
IKAN TENGGIRI BATANG (KEPINGAN),W.P. Labuan,27.96322580645161
IKAN TENGGIRI BATANG (KEPINGAN),W.P. Putrajaya,47.50567961165048
IKAN TILAPIA MERAH (ANTARA 2 HINGGA 5 EKOR SEKILOGRAM),Johor,16.041366742596814
IKAN TILAPIA MERAH (ANTARA 2 HINGGA 5 EKOR SEKILOGRAM),Kedah,15.12514506769826
IKAN TILAPIA MERAH (ANTARA 2 HINGGA 5 EKOR SEKILOGRAM),Kelantan,15.4270078125
IKAN TILAPIA MERAH (ANTARA 2 HINGGA 5 EKOR SEKILOGRAM),Melaka,15.13410358565737
IKAN TILAPIA MERAH (ANTARA 2 HINGGA 5 EKOR SEKILOGRAM),Negeri Sembilan,15.936346153846156
IKAN TILAPIA MERAH (ANTARA 2 HINGGA 5 EKOR SEKILOGRAM),Pahang,16.618506254598973
IKAN TILAPIA MERAH (ANTARA 2 HINGGA 5 EKOR SEKILOGRAM),Perak,16.5992996742671
IKAN TILAPIA MERAH (ANTARA 2 HINGGA 5 EKOR SEKILOGRAM),Perlis,14.335119047619049
IKAN TILAPIA MERAH (ANTARA 2 HINGGA 5 EKOR SEKILOGRAM),Pulau Pinang,16.581714285714288
IKAN TILAPIA MERAH (ANTARA 2 HINGGA 5 EKOR SEKILOGRAM),Sabah,17.284413793103447
IKAN TILAPIA MERAH (ANTARA 2 HINGGA 5 EKOR SEKILOGRAM),Sarawak,17.57925837320574
IKAN TILAPIA MERAH (ANTARA 2 HINGGA 5 EKOR SEKILOGRAM),Selangor,16.62805444355484
IKAN TILAPIA MERAH (ANTARA 2 HINGGA 5 EKOR SEKILOGRAM),Terengganu,16.08893271461717
IKAN TILAPIA MERAH (ANTARA 2 HINGGA 5 EKOR SEKILOGRAM),W.P. Kuala Lumpur,19.049882154882155
IKAN TILAPIA MERAH (ANTARA 2 HINGGA 5 EKOR SEKILOGRAM),W.P. Labuan,16.900000000000002
IKAN TILAPIA MERAH (ANTARA 2 HINGGA 5 EKOR SEKILOGRAM),W.P. Putrajaya,17.690621761658033
IKAN TONGKOL OR AYA OR KAYU HITAM (ANTARA 1 HINGGA 2 EKOR SEKILOGRAM),Johor,12.619551020408162
IKAN TONGKOL OR AYA OR KAYU HITAM (ANTARA 1 HINGGA 2 EKOR SEKILOGRAM),Kedah,14.625236051502148
IKAN TONGKOL OR AYA OR KAYU HITAM (ANTARA 1 HINGGA 2 EKOR SEKILOGRAM),Kelantan,12.481182994454713
IKAN TONGKOL OR AYA OR KAYU HITAM (ANTARA 1 HINGGA 2 EKOR SEKILOGRAM),Melaka,12.381227436823108
IKAN TONGKOL OR AYA OR KAYU HITAM (ANTARA 1 HINGGA 2 EKOR SEKILOGRAM),Negeri Sembilan,13.315672823218998
IKAN TONGKOL OR AYA OR KAYU HITAM (ANTARA 1 HINGGA 2 EKOR SEKILOGRAM),Pahang,14.139578853046594
IKAN TONGKOL OR AYA OR KAYU HITAM (ANTARA 1 HINGGA 2 EKOR SEKILOGRAM),Perak,14.245682819383262
IKAN TONGKOL OR AYA OR KAYU HITAM (ANTARA 1 HINGGA 2 EKOR SEKILOGRAM),Perlis,12.581721311475413
IKAN TONGKOL OR AYA OR KAYU HITAM (ANTARA 1 HINGGA 2 EKOR SEKILOGRAM),Pulau Pinang,14.25808743169399
IKAN TONGKOL OR AYA OR KAYU HITAM (ANTARA 1 HINGGA 2 EKOR SEKILOGRAM),Sabah,10.274794908062235
IKAN TONGKOL OR AYA OR KAYU HITAM (ANTARA 1 HINGGA 2 EKOR SEKILOGRAM),Sarawak,13.820905797101448
IKAN TONGKOL OR AYA OR KAYU HITAM (ANTARA 1 HINGGA 2 EKOR SEKILOGRAM),Selangor,14.519563602599812
IKAN TONGKOL OR AYA OR KAYU HITAM (ANTARA 1 HINGGA 2 EKOR SEKILOGRAM),Terengganu,13.98806678383128
IKAN TONGKOL OR AYA OR KAYU HITAM (ANTARA 1 HINGGA 2 EKOR SEKILOGRAM),W.P. Kuala Lumpur,15.503229078613694
IKAN TONGKOL OR AYA OR KAYU HITAM (ANTARA 1 HINGGA 2 EKOR SEKILOGRAM),W.P. Labuan,10.9125
IKAN TONGKOL OR AYA OR KAYU HITAM (ANTARA 1 HINGGA 2 EKOR SEKILOGRAM),W.P. Putrajaya,15.843506493506494
JAMBU BATU BERBIJI,Johor,7.25378263937897
JAMBU BATU BERBIJI,Kedah,7.188495575221239
JAMBU BATU BERBIJI,Kelantan,6.388612903225807
JAMBU BATU BERBIJI,Melaka,4.91637168141593
JAMBU BATU BERBIJI,Negeri Sembilan,5.804782608695652
JAMBU BATU BERBIJI,Pahang,6.613452855245685
JAMBU BATU BERBIJI,Perak,6.825165467625899
JAMBU BATU BERBIJI,Perlis,7.286315789473684
JAMBU BATU BERBIJI,Pulau Pinang,7.363826666666668
JAMBU BATU BERBIJI,Sabah,7.866830530401034
JAMBU BATU BERBIJI,Sarawak,9.472936936936936
JAMBU BATU BERBIJI,Selangor,7.202057356608479
JAMBU BATU BERBIJI,Terengganu,6.715935613682093
JAMBU BATU BERBIJI,W.P. Kuala Lumpur,7.567133956386294
JAMBU BATU BERBIJI,W.P. Labuan,8.285576923076922
JAMBU BATU BERBIJI,W.P. Putrajaya,8.109150000000001
JAMBU BATU TANPA BIJI,Johor,12.10648535564854
JAMBU BATU TANPA BIJI,Kedah,8.282641509433963
JAMBU BATU TANPA BIJI,Kelantan,10.020106508875742
JAMBU BATU TANPA BIJI,Melaka,10.53725
JAMBU BATU TANPA BIJI,Negeri Sembilan,10.376428571428573
JAMBU BATU TANPA BIJI,Pahang,10.834703389830509
JAMBU BATU TANPA BIJI,Perak,9.125841584158415
JAMBU BATU TANPA BIJI,Perlis,11.636363636363637
JAMBU BATU TANPA BIJI,Pulau Pinang,9.690512195121952
JAMBU BATU TANPA BIJI,Sabah,10.02159090909091
JAMBU BATU TANPA BIJI,Sarawak,11.505172413793105
JAMBU BATU TANPA BIJI,Selangor,10.848691099476437
JAMBU BATU TANPA BIJI,Terengganu,9.901287878787882
JAMBU BATU TANPA BIJI,W.P. Kuala Lumpur,12.282194174757285
JAMBU BATU TANPA BIJI,W.P. Labuan,9.9
JAMBU BATU TANPA BIJI,W.P. Putrajaya,10.974032258064517
KACANG BENDI,Johor,7.2121216730038045
KACANG BENDI,Kedah,6.774724302246426
KACANG BENDI,Kelantan,10.010419708029197
KACANG BENDI,Melaka,6.9441431670282
KACANG BENDI,Negeri Sembilan,7.217476635514019
KACANG BENDI,Pahang,7.3326165930289635
KACANG BENDI,Perak,6.962582684824903
KACANG BENDI,Perlis,7.774802259887005
KACANG BENDI,Pulau Pinang,7.61273749297358
KACANG BENDI,Sabah,7.990420168067228
KACANG BENDI,Sarawak,7.763739626556017
KACANG BENDI,Selangor,7.504426787741202
KACANG BENDI,Terengganu,9.55704081632653
KACANG BENDI,W.P. Kuala Lumpur,8.631706706706707
KACANG BENDI,W.P. Labuan,7.781862348178139
KACANG BENDI,W.P. Putrajaya,8.844444444444443
KACANG BOTOL,Johor,14.115806818181818
KACANG BOTOL,Kedah,16.701564625850338
KACANG BOTOL,Kelantan,19.265618661257605
KACANG BOTOL,Melaka,13.23287234042553
KACANG BOTOL,Negeri Sembilan,14.51404011461318
KACANG BOTOL,Pahang,17.067132867132873
KACANG BOTOL,Perak,16.370030581039753
KACANG BOTOL,Perlis,17.854117647058825
KACANG BOTOL,Pulau Pinang,16.333904109589042
KACANG BOTOL,Sabah,9.691645856980704
KACANG BOTOL,Sarawak,14.35780459770115
KACANG BOTOL,Selangor,18.228456712672525
KACANG BOTOL,Terengganu,21.684895470383275
KACANG BOTOL,W.P. Kuala Lumpur,19.86589052997393
KACANG BOTOL,W.P. Labuan,11.783606557377048
KACANG BOTOL,W.P. Putrajaya,20.131025641025644
KACANG BUNCIS,Johor,9.567423438138013
KACANG BUNCIS,Kedah,9.947168330955778
KACANG BUNCIS,Kelantan,9.803174342105264
KACANG BUNCIS,Melaka,10.048146551724138
KACANG BUNCIS,Negeri Sembilan,9.718005148005147
KACANG BUNCIS,Pahang,9.714228187919463
KACANG BUNCIS,Perak,9.265468074891984
KACANG BUNCIS,Perlis,11.454000000000002
KACANG BUNCIS,Pulau Pinang,10.167510869565218
KACANG BUNCIS,Sabah,8.21152754116979
KACANG BUNCIS,Sarawak,12.193480553724456
KACANG BUNCIS,Selangor,10.805327050997782
KACANG BUNCIS,Terengganu,10.735493171471926
KACANG BUNCIS,W.P. Kuala Lumpur,11.28595427435388
KACANG BUNCIS,W.P. Labuan,8.164173228346456
KACANG BUNCIS,W.P. Putrajaya,12.3425
KACANG DAL (AUSTRALIA),Johor,5.563380577427822
KACANG DAL (AUSTRALIA),Kedah,4.673010033444816
KACANG DAL (AUSTRALIA),Kelantan,5.574535849056604
KACANG DAL (AUSTRALIA),Melaka,5.079118942731277
KACANG DAL (AUSTRALIA),Negeri Sembilan,5.626997126436782
KACANG DAL (AUSTRALIA),Pahang,5.811671575846834
KACANG DAL (AUSTRALIA),Perak,5.388590604026845
KACANG DAL (AUSTRALIA),Perlis,5.016997319034853
KACANG DAL (AUSTRALIA),Pulau Pinang,5.209960127591707
KACANG DAL (AUSTRALIA),Sabah,8.256988906497623
KACANG DAL (AUSTRALIA),Sarawak,5.603122406639004
KACANG DAL (AUSTRALIA),Selangor,6.199973244147157
KACANG DAL (AUSTRALIA),Terengganu,5.593021235521236
KACANG DAL (AUSTRALIA),W.P. Kuala Lumpur,6.92715406162465
KACANG DAL (AUSTRALIA),W.P. Labuan,7.759550561797753
KACANG DAL (AUSTRALIA),W.P. Putrajaya,6.862847222222222
KACANG HIJAU (IMPORT),Johor,8.186118160190325
KACANG HIJAU (IMPORT),Kedah,7.532766135792121
KACANG HIJAU (IMPORT),Kelantan,8.751190073322054
KACANG HIJAU (IMPORT),Melaka,7.929195652173913
KACANG HIJAU (IMPORT),Negeri Sembilan,8.410108695652173
KACANG HIJAU (IMPORT),Pahang,8.240682248894505
KACANG HIJAU (IMPORT),Perak,8.642535885167465
KACANG HIJAU (IMPORT),Perlis,8.704267990074442
KACANG HIJAU (IMPORT),Pulau Pinang,8.543795572916666
KACANG HIJAU (IMPORT),Sabah,8.21625673689368
KACANG HIJAU (IMPORT),Sarawak,8.034420030659172
KACANG HIJAU (IMPORT),Selangor,9.322906436629063
KACANG HIJAU (IMPORT),Terengganu,8.758005759539236
KACANG HIJAU (IMPORT),W.P. Kuala Lumpur,10.24777092963534
KACANG HIJAU (IMPORT),W.P. Labuan,7.838
KACANG HIJAU (IMPORT),W.P. Putrajaya,10.462201257861636
KACANG MERAH (IMPORT),Johor,13.707588878760252
KACANG MERAH (IMPORT),Kedah,13.423454833597466
KACANG MERAH (IMPORT),Kelantan,13.710984615384614
KACANG MERAH (IMPORT),Melaka,13.191185410334343
KACANG MERAH (IMPORT),Negeri Sembilan,13.434638844301766
KACANG MERAH (IMPORT),Pahang,14.06896551724138
KACANG MERAH (IMPORT),Perak,14.683560939794422
KACANG MERAH (IMPORT),Perlis,12.748287671232877
KACANG MERAH (IMPORT),Pulau Pinang,13.29614611872146
KACANG MERAH (IMPORT),Sabah,12.994982456140352
KACANG MERAH (IMPORT),Sarawak,13.279771505376344
KACANG MERAH (IMPORT),Selangor,16.509534313725492
KACANG MERAH (IMPORT),Terengganu,14.409808612440193
KACANG MERAH (IMPORT),W.P. Kuala Lumpur,16.421473317865427
KACANG MERAH (IMPORT),W.P. Labuan,12.756521739130436
KACANG MERAH (IMPORT),W.P. Putrajaya,16.927142857142858
KACANG PANJANG,Johor,8.900707596253902
KACANG PANJANG,Kedah,6.788924501424501
KACANG PANJANG,Kelantan,8.676016059295863
KACANG PANJANG,Melaka,7.546012793176972
KACANG PANJANG,Negeri Sembilan,7.327170542635658
KACANG PANJANG,Pahang,7.18139534883721
KACANG PANJANG,Perak,7.022361809045226
KACANG PANJANG,Perlis,7.154834834834833
KACANG PANJANG,Pulau Pinang,7.775384615384615
KACANG PANJANG,Sabah,6.368880503144655
KACANG PANJANG,Sarawak,7.116658864833235
KACANG PANJANG,Selangor,7.966453790238837
KACANG PANJANG,Terengganu,8.799683225341973
KACANG PANJANG,W.P. Kuala Lumpur,8.797928802588997
KACANG PANJANG,W.P. Labuan,7.376694915254237
KACANG PANJANG,W.P. Putrajaya,9.42675
KACANG SOYA (IMPORT),Johor,8.090082516761218
KACANG SOYA (IMPORT),Kedah,6.878252427184466
KACANG SOYA (IMPORT),Kelantan,7.572380478087649
KACANG SOYA (IMPORT),Melaka,8.106984126984127
KACANG SOYA (IMPORT),Negeri Sembilan,7.781693121693122
KACANG SOYA (IMPORT),Pahang,7.552853211009175
KACANG SOYA (IMPORT),Perak,7.654573947110675
KACANG SOYA (IMPORT),Perlis,7.209913793103448
KACANG SOYA (IMPORT),Pulau Pinang,8.143053527980536
KACANG SOYA (IMPORT),Sabah,8.119282639885222
KACANG SOYA (IMPORT),Sarawak,7.029916247906197
KACANG SOYA (IMPORT),Selangor,9.84274694261524
KACANG SOYA (IMPORT),Terengganu,7.722589771490751
KACANG SOYA (IMPORT),W.P. Kuala Lumpur,9.981965389369591
KACANG SOYA (IMPORT),W.P. Labuan,7.415028901734104
KACANG SOYA (IMPORT),W.P. Putrajaya,11.46685393258427
KACANG TANAH (IMPORT),Johor,9.587110625909752
KACANG TANAH (IMPORT),Kedah,9.437173738991191
KACANG TANAH (IMPORT),Kelantan,10.298099688473522
KACANG TANAH (IMPORT),Melaka,8.927407407407408
KACANG TANAH (IMPORT),Negeri Sembilan,9.678102094240836
KACANG TANAH (IMPORT),Pahang,10.123795580110498
KACANG TANAH (IMPORT),Perak,10.46470304975923
KACANG TANAH (IMPORT),Perlis,9.720904761904764
KACANG TANAH (IMPORT),Pulau Pinang,9.832661498708012
KACANG TANAH (IMPORT),Sabah,10.354875621890548
KACANG TANAH (IMPORT),Sarawak,10.147382716049384
KACANG TANAH (IMPORT),Selangor,10.375571521881124
KACANG TANAH (IMPORT),Terengganu,10.559727848101268
KACANG TANAH (IMPORT),W.P. Kuala Lumpur,11.74321195652174
KACANG TANAH (IMPORT),W.P. Labuan,10.405836575875488
KACANG TANAH (IMPORT),W.P. Putrajaya,12.3198125
KAILAN,Johor,6.591278615298716
KAILAN,Kedah,6.750808823529412
KAILAN,Kelantan,6.441429508196721
KAILAN,Melaka,6.091044776119404
KAILAN,Negeri Sembilan,6.226353711790393
KAILAN,Pahang,6.363333333333333
KAILAN,Perak,5.915017688679246
KAILAN,Perlis,6.69551724137931
KAILAN,Pulau Pinang,6.866898294377765
KAILAN,Sabah,7.100892018779342
KAILAN,Sarawak,13.89186170212766
KAILAN,Selangor,6.726927560366362
KAILAN,Terengganu,7.155918524212145
KAILAN,W.P. Kuala Lumpur,7.019423728813561
KAILAN,W.P. Labuan,7.245454545454547
KAILAN,W.P. Putrajaya,7.74196261682243
KANGKUNG,Johor,4.859641517298874
KANGKUNG,Kedah,4.383555027711798
KANGKUNG,Kelantan,6.439668820678514
KANGKUNG,Melaka,4.136306532663316
KANGKUNG,Negeri Sembilan,4.293751846381093
KANGKUNG,Pahang,4.0649562982005145
KANGKUNG,Perak,4.624088983050849
KANGKUNG,Perlis,6.039642857142857
KANGKUNG,Pulau Pinang,4.516583034647551
KANGKUNG,Sabah,5.757546362339515
KANGKUNG,Sarawak,5.653780487804878
KANGKUNG,Selangor,4.566321090047394
KANGKUNG,Terengganu,5.687716468590832
KANGKUNG,W.P. Kuala Lumpur,5.515594639865997
KANGKUNG,W.P. Labuan,7.2
KANGKUNG,W.P. Putrajaya,5.842779922779922
KELAPA BIJI,Johor,2.6068177777777777
KELAPA BIJI,Kedah,2.4935652173913043
KELAPA BIJI,Kelantan,2.3883248730964466
KELAPA BIJI,Melaka,2.511515151515152
KELAPA BIJI,Negeri Sembilan,2.622267759562842
KELAPA BIJI,Pahang,2.6527336122733614
KELAPA BIJI,Perak,2.175042735042735
KELAPA BIJI,Perlis,2.5
KELAPA BIJI,Pulau Pinang,2.70729797979798
KELAPA BIJI,Sabah,2.432669404517454
KELAPA BIJI,Sarawak,2.3359223300970875
KELAPA BIJI,Selangor,2.635817245817245
KELAPA BIJI,Terengganu,2.6196421471172964
KELAPA BIJI,W.P. Kuala Lumpur,2.68507027027027
KELAPA BIJI,W.P. Labuan,2.0
KELAPA BIJI,W.P. Putrajaya,2.683157894736842
KELAPA PARUT,Johor,8.126263537906137
KELAPA PARUT,Kedah,8.373716632443532
KELAPA PARUT,Kelantan,7.215827338129497
KELAPA PARUT,Melaka,8.157246376811594
KELAPA PARUT,Negeri Sembilan,9.736363636363636
KELAPA PARUT,Pahang,8.768224299065421
KELAPA PARUT,Perak,9.217973462002412
KELAPA PARUT,Perlis,7.58688524590164
KELAPA PARUT,Pulau Pinang,8.39143446852425
KELAPA PARUT,Sabah,6.480222841225627
KELAPA PARUT,Sarawak,6.861538461538461
KELAPA PARUT,Selangor,8.731720430107528
KELAPA PARUT,Terengganu,8.538011695906432
KELAPA PARUT,W.P. Kuala Lumpur,9.696197802197805
KELAPA PARUT,W.P. Labuan,9.0
KELAPA PARUT,W.P. Putrajaya,11.321447368421053
KEPAK AYAM (CHICKEN WING),Johor,16.21758538522637
KEPAK AYAM (CHICKEN WING),Kedah,16.23517316017316
KEPAK AYAM (CHICKEN WING),Kelantan,16.927190517998245
KEPAK AYAM (CHICKEN WING),Melaka,15.929637305699485
KEPAK AYAM (CHICKEN WING),Negeri Sembilan,15.823761467889913
KEPAK AYAM (CHICKEN WING),Pahang,16.35892113564669
KEPAK AYAM (CHICKEN WING),Perak,16.36207943925234
KEPAK AYAM (CHICKEN WING),Perlis,14.34664536741214
KEPAK AYAM (CHICKEN WING),Pulau Pinang,16.298905263157895
KEPAK AYAM (CHICKEN WING),Sabah,18.49592296852983
KEPAK AYAM (CHICKEN WING),Sarawak,15.220948352626891
KEPAK AYAM (CHICKEN WING),Selangor,16.363864197530862
KEPAK AYAM (CHICKEN WING),Terengganu,17.05343709468223
KEPAK AYAM (CHICKEN WING),W.P. Kuala Lumpur,16.84091821374812
KEPAK AYAM (CHICKEN WING),W.P. Labuan,17.802140762463345
KEPAK AYAM (CHICKEN WING),W.P. Putrajaya,16.350810810810813
KEPALA IKAN JENAHAK,Johor,23.304745762711867
KEPALA IKAN JENAHAK,Kedah,25.1827969348659
KEPALA IKAN JENAHAK,Kelantan,28.44887640449438
KEPALA IKAN JENAHAK,Melaka,26.227415730337075
KEPALA IKAN JENAHAK,Negeri Sembilan,24.670760869565218
KEPALA IKAN JENAHAK,Pahang,29.349907063197023
KEPALA IKAN JENAHAK,Perak,27.24673340358272
KEPALA IKAN JENAHAK,Perlis,22.071739130434786
KEPALA IKAN JENAHAK,Pulau Pinang,21.68574850299401
KEPALA IKAN JENAHAK,Sabah,33.17142857142857
KEPALA IKAN JENAHAK,Sarawak,24.4040625
KEPALA IKAN JENAHAK,Selangor,25.01193971166448
KEPALA IKAN JENAHAK,Terengganu,26.02053571428571
KEPALA IKAN JENAHAK,W.P. Kuala Lumpur,24.730865248226948
KEPALA IKAN JENAHAK,W.P. Putrajaya,25.219416058394163
KERANG (SAIZ SEDERHANA),Johor,15.070525931336745
KERANG (SAIZ SEDERHANA),Kedah,14.755959031657357
KERANG (SAIZ SEDERHANA),Kelantan,15.186675862068968
KERANG (SAIZ SEDERHANA),Melaka,15.794502617801047
KERANG (SAIZ SEDERHANA),Negeri Sembilan,16.287103274559197
KERANG (SAIZ SEDERHANA),Pahang,17.141136363636363
KERANG (SAIZ SEDERHANA),Perak,14.875433866891322
KERANG (SAIZ SEDERHANA),Perlis,14.36734693877551
KERANG (SAIZ SEDERHANA),Pulau Pinang,15.55777604976672
KERANG (SAIZ SEDERHANA),Sabah,12.0
KERANG (SAIZ SEDERHANA),Sarawak,17.437052117263846
KERANG (SAIZ SEDERHANA),Selangor,16.0879375
KERANG (SAIZ SEDERHANA),Terengganu,14.828652037617555
KERANG (SAIZ SEDERHANA),W.P. Kuala Lumpur,19.00364083640837
KERANG (SAIZ SEDERHANA),W.P. Putrajaya,16.235586206896553
KETAM RENJONG atau BUNGA(ANTARA 5 HINGGA 8 EKOR SEKILOGRAM),Johor,33.28387269482451
KETAM RENJONG atau BUNGA(ANTARA 5 HINGGA 8 EKOR SEKILOGRAM),Kedah,32.57609037328094
KETAM RENJONG atau BUNGA(ANTARA 5 HINGGA 8 EKOR SEKILOGRAM),Kelantan,32.49695652173913
KETAM RENJONG atau BUNGA(ANTARA 5 HINGGA 8 EKOR SEKILOGRAM),Melaka,33.86176300578035
KETAM RENJONG atau BUNGA(ANTARA 5 HINGGA 8 EKOR SEKILOGRAM),Negeri Sembilan,33.343185689948896
KETAM RENJONG atau BUNGA(ANTARA 5 HINGGA 8 EKOR SEKILOGRAM),Pahang,38.68595628415301
KETAM RENJONG atau BUNGA(ANTARA 5 HINGGA 8 EKOR SEKILOGRAM),Perak,32.533860045146724
KETAM RENJONG atau BUNGA(ANTARA 5 HINGGA 8 EKOR SEKILOGRAM),Perlis,32.29790322580645
KETAM RENJONG atau BUNGA(ANTARA 5 HINGGA 8 EKOR SEKILOGRAM),Pulau Pinang,35.533858156028366
KETAM RENJONG atau BUNGA(ANTARA 5 HINGGA 8 EKOR SEKILOGRAM),Sabah,21.28648571428572
KETAM RENJONG atau BUNGA(ANTARA 5 HINGGA 8 EKOR SEKILOGRAM),Sarawak,28.364382314694407
KETAM RENJONG atau BUNGA(ANTARA 5 HINGGA 8 EKOR SEKILOGRAM),Selangor,35.39215436241611
KETAM RENJONG atau BUNGA(ANTARA 5 HINGGA 8 EKOR SEKILOGRAM),Terengganu,34.129344262295085
KETAM RENJONG atau BUNGA(ANTARA 5 HINGGA 8 EKOR SEKILOGRAM),W.P. Kuala Lumpur,41.60068261376897
KETAM RENJONG atau BUNGA(ANTARA 5 HINGGA 8 EKOR SEKILOGRAM),W.P. Labuan,18.220224719101125
KETAM RENJONG atau BUNGA(ANTARA 5 HINGGA 8 EKOR SEKILOGRAM),W.P. Putrajaya,34.432331288343555
KUBIS BULAT (TEMPATAN),Johor,6.694690849134379
KUBIS BULAT (TEMPATAN),Kedah,6.520045592705168
KUBIS BULAT (TEMPATAN),Kelantan,5.954735605170387
KUBIS BULAT (TEMPATAN),Melaka,7.039684210526316
KUBIS BULAT (TEMPATAN),Negeri Sembilan,6.32340425531915
KUBIS BULAT (TEMPATAN),Pahang,6.773981670061099
KUBIS BULAT (TEMPATAN),Perak,6.499783163265306
KUBIS BULAT (TEMPATAN),Perlis,6.118581560283688
KUBIS BULAT (TEMPATAN),Pulau Pinang,6.727177419354839
KUBIS BULAT (TEMPATAN),Sabah,6.845647909137842
KUBIS BULAT (TEMPATAN),Sarawak,7.227142857142856
KUBIS BULAT (TEMPATAN),Selangor,7.05191435768262
KUBIS BULAT (TEMPATAN),Terengganu,5.87664418212479
KUBIS BULAT (TEMPATAN),W.P. Kuala Lumpur,7.545627292736611
KUBIS BULAT (TEMPATAN),W.P. Labuan,7.76231884057971
KUBIS BULAT (TEMPATAN),W.P. Putrajaya,6.551212121212121
KUBIS BULAT IMPORT (BEIJING),Johor,4.561138996138996
KUBIS BULAT IMPORT (BEIJING),Kedah,5.10309715120526
KUBIS BULAT IMPORT (BEIJING),Kelantan,5.065226537216828
KUBIS BULAT IMPORT (BEIJING),Melaka,4.828070175438597
KUBIS BULAT IMPORT (BEIJING),Negeri Sembilan,4.90621015348288
KUBIS BULAT IMPORT (BEIJING),Pahang,4.747298959318827
KUBIS BULAT IMPORT (BEIJING),Perak,4.999253177966102
KUBIS BULAT IMPORT (BEIJING),Perlis,5.725953002610966
KUBIS BULAT IMPORT (BEIJING),Pulau Pinang,5.086531660011409
KUBIS BULAT IMPORT (BEIJING),Sabah,6.18
KUBIS BULAT IMPORT (BEIJING),Sarawak,5.511487414187643
KUBIS BULAT IMPORT (BEIJING),Selangor,4.829532006455084
KUBIS BULAT IMPORT (BEIJING),Terengganu,5.169727107337781
KUBIS BULAT IMPORT (BEIJING),W.P. Kuala Lumpur,4.827557622321068
KUBIS BULAT IMPORT (BEIJING),W.P. Labuan,8.566666666666668
KUBIS BULAT IMPORT (BEIJING),W.P. Putrajaya,4.960827067669173
KUBIS BULAT IMPORT (CHINA),Johor,3.257520499804764
KUBIS BULAT IMPORT (CHINA),Kedah,3.845057034220533
KUBIS BULAT IMPORT (CHINA),Kelantan,3.2555365853658538
KUBIS BULAT IMPORT (CHINA),Melaka,3.120959302325582
KUBIS BULAT IMPORT (CHINA),Negeri Sembilan,3.267091561938959
KUBIS BULAT IMPORT (CHINA),Pahang,3.4907554671968195
KUBIS BULAT IMPORT (CHINA),Perak,3.741036236490783
KUBIS BULAT IMPORT (CHINA),Perlis,3.935642633228841
KUBIS BULAT IMPORT (CHINA),Pulau Pinang,3.747634241245136
KUBIS BULAT IMPORT (CHINA),Sabah,5.698333333333333
KUBIS BULAT IMPORT (CHINA),Sarawak,4.628616920152092
KUBIS BULAT IMPORT (CHINA),Selangor,3.682711496746204
KUBIS BULAT IMPORT (CHINA),Terengganu,3.844010494752624
KUBIS BULAT IMPORT (CHINA),W.P. Kuala Lumpur,3.754391927774828
KUBIS BULAT IMPORT (CHINA),W.P. Labuan,8.314814814814815
KUBIS BULAT IMPORT (CHINA),W.P. Putrajaya,4.166494464944651
KUBIS BUNGA (CAULIFLOWER),Johor,8.377160080375083
KUBIS BUNGA (CAULIFLOWER),Kedah,9.039398148148148
KUBIS BUNGA (CAULIFLOWER),Kelantan,9.115462012320329
KUBIS BUNGA (CAULIFLOWER),Melaka,8.20201960784314
KUBIS BUNGA (CAULIFLOWER),Negeri Sembilan,8.287797833935018
KUBIS BUNGA (CAULIFLOWER),Pahang,8.559725400457666
KUBIS BUNGA (CAULIFLOWER),Perak,8.578439909297051
KUBIS BUNGA (CAULIFLOWER),Perlis,10.643671875
KUBIS BUNGA (CAULIFLOWER),Pulau Pinang,8.707895578050081
KUBIS BUNGA (CAULIFLOWER),Sabah,12.437322404371583
KUBIS BUNGA (CAULIFLOWER),Sarawak,11.078970938542165
KUBIS BUNGA (CAULIFLOWER),Selangor,8.625911155981827
KUBIS BUNGA (CAULIFLOWER),Terengganu,9.463758465011288
KUBIS BUNGA (CAULIFLOWER),W.P. Kuala Lumpur,8.927918398186625
KUBIS BUNGA (CAULIFLOWER),W.P. Labuan,13.70201388888889
KUBIS BUNGA (CAULIFLOWER),W.P. Putrajaya,9.668519736842104
KUBIS PANJANG CHINA - BESAR,Johor,4.913638392857143
KUBIS PANJANG CHINA - BESAR,Kedah,5.271752738654148
KUBIS PANJANG CHINA - BESAR,Kelantan,5.304441913439636
KUBIS PANJANG CHINA - BESAR,Melaka,5.19253807106599
KUBIS PANJANG CHINA - BESAR,Negeri Sembilan,5.404295454545454
KUBIS PANJANG CHINA - BESAR,Pahang,4.636194919647487
KUBIS PANJANG CHINA - BESAR,Perak,5.883135359116023
KUBIS PANJANG CHINA - BESAR,Perlis,5.942931034482759
KUBIS PANJANG CHINA - BESAR,Pulau Pinang,5.318974358974359
KUBIS PANJANG CHINA - BESAR,Sabah,7.846656534954408
KUBIS PANJANG CHINA - BESAR,Sarawak,7.914217391304349
KUBIS PANJANG CHINA - BESAR,Selangor,5.670056406124094
KUBIS PANJANG CHINA - BESAR,Terengganu,9.038780487804878
KUBIS PANJANG CHINA - BESAR,W.P. Kuala Lumpur,5.204602570204666
KUBIS PANJANG CHINA - BESAR,W.P. Labuan,6.9
KUBIS PANJANG CHINA - BESAR,W.P. Putrajaya,5.452801724137932
KUNYIT HIDUP,Johor,8.583755627009644
KUNYIT HIDUP,Kedah,10.417093469910371
KUNYIT HIDUP,Kelantan,8.67756340129289
KUNYIT HIDUP,Melaka,9.183035019455252
KUNYIT HIDUP,Negeri Sembilan,8.824163701067617
KUNYIT HIDUP,Pahang,9.040840449438203
KUNYIT HIDUP,Perak,9.979882739212009
KUNYIT HIDUP,Perlis,10.895
KUNYIT HIDUP,Pulau Pinang,9.899258649093904
KUNYIT HIDUP,Sabah,18.09178141135973
KUNYIT HIDUP,Sarawak,11.696787365177196
KUNYIT HIDUP,Selangor,8.63375650364204
KUNYIT HIDUP,Terengganu,9.19821787709497
KUNYIT HIDUP,W.P. Kuala Lumpur,10.240461297888976
KUNYIT HIDUP,W.P. Labuan,24.74739884393064
KUNYIT HIDUP,W.P. Putrajaya,9.92115107913669
LADA BENGGALA HIJAU (CAPSICUM),Johor,12.317460317460318
LADA BENGGALA HIJAU (CAPSICUM),Kedah,13.025148514851484
LADA BENGGALA HIJAU (CAPSICUM),Kelantan,14.239486813970064
LADA BENGGALA HIJAU (CAPSICUM),Melaka,12.79443736730361
LADA BENGGALA HIJAU (CAPSICUM),Negeri Sembilan,11.516165113182424
LADA BENGGALA HIJAU (CAPSICUM),Pahang,12.23705946535734
LADA BENGGALA HIJAU (CAPSICUM),Perak,11.63473656755347
LADA BENGGALA HIJAU (CAPSICUM),Perlis,15.630720338983052
LADA BENGGALA HIJAU (CAPSICUM),Pulau Pinang,12.462056451612904
LADA BENGGALA HIJAU (CAPSICUM),Sabah,19.71882308845577
LADA BENGGALA HIJAU (CAPSICUM),Sarawak,22.810298284862046
LADA BENGGALA HIJAU (CAPSICUM),Selangor,12.17630289532294
LADA BENGGALA HIJAU (CAPSICUM),Terengganu,13.49007496251874
LADA BENGGALA HIJAU (CAPSICUM),W.P. Kuala Lumpur,13.111919934640524
LADA BENGGALA HIJAU (CAPSICUM),W.P. Labuan,20.525572519083973
LADA BENGGALA HIJAU (CAPSICUM),W.P. Putrajaya,13.387890295358652
LADA BENGGALA KUNING (CAPSICUM),Johor,18.719317697228146
LADA BENGGALA KUNING (CAPSICUM),Kedah,19.50498933901919
LADA BENGGALA KUNING (CAPSICUM),Kelantan,19.17951798010712
LADA BENGGALA KUNING (CAPSICUM),Melaka,17.65777173913044
LADA BENGGALA KUNING (CAPSICUM),Negeri Sembilan,16.99363481228669
LADA BENGGALA KUNING (CAPSICUM),Pahang,18.77037157757497
LADA BENGGALA KUNING (CAPSICUM),Perak,17.82635961680177
LADA BENGGALA KUNING (CAPSICUM),Perlis,20.913758389261744
LADA BENGGALA KUNING (CAPSICUM),Pulau Pinang,18.14853731343284
LADA BENGGALA KUNING (CAPSICUM),Sabah,17.474122137404578
LADA BENGGALA KUNING (CAPSICUM),Sarawak,27.67434640522876
LADA BENGGALA KUNING (CAPSICUM),Selangor,17.497532379004774
LADA BENGGALA KUNING (CAPSICUM),Terengganu,19.69752707581227
LADA BENGGALA KUNING (CAPSICUM),W.P. Kuala Lumpur,18.68009773434029
LADA BENGGALA KUNING (CAPSICUM),W.P. Labuan,23.73
LADA BENGGALA KUNING (CAPSICUM),W.P. Putrajaya,19.57121693121693
LADA BENGGALA MERAH (CAPSICUM),Johor,17.733734129947724
LADA BENGGALA MERAH (CAPSICUM),Kedah,19.003840155945426
LADA BENGGALA MERAH (CAPSICUM),Kelantan,18.31543871866296
LADA BENGGALA MERAH (CAPSICUM),Melaka,18.399617346938776
LADA BENGGALA MERAH (CAPSICUM),Negeri Sembilan,16.184544049459042
LADA BENGGALA MERAH (CAPSICUM),Pahang,17.823476494486364
LADA BENGGALA MERAH (CAPSICUM),Perak,16.8386327077748
LADA BENGGALA MERAH (CAPSICUM),Perlis,19.88330000000001
LADA BENGGALA MERAH (CAPSICUM),Pulau Pinang,17.414336801040314
LADA BENGGALA MERAH (CAPSICUM),Sabah,17.37837606837607
LADA BENGGALA MERAH (CAPSICUM),Sarawak,26.78592105263158
LADA BENGGALA MERAH (CAPSICUM),Selangor,16.893862947240756
LADA BENGGALA MERAH (CAPSICUM),Terengganu,18.83200769230769
LADA BENGGALA MERAH (CAPSICUM),W.P. Kuala Lumpur,17.91067803837953
LADA BENGGALA MERAH (CAPSICUM),W.P. Labuan,24.00010638297873
LADA BENGGALA MERAH (CAPSICUM),W.P. Putrajaya,18.359655172413795
LENGKUAS,Johor,9.30097897503285
LENGKUAS,Kedah,9.33163212435233
LENGKUAS,Kelantan,7.66282813273898
LENGKUAS,Melaka,9.448805394990366
LENGKUAS,Negeri Sembilan,9.555813664596274
LENGKUAS,Pahang,9.836564610535795
LENGKUAS,Perak,11.222684842883549
LENGKUAS,Perlis,11.40736211031175
LENGKUAS,Pulau Pinang,10.358801719505642
LENGKUAS,Sabah,9.396806666666668
LENGKUAS,Sarawak,8.42295681063123
LENGKUAS,Selangor,9.77027792624265
LENGKUAS,Terengganu,8.316949720670392
LENGKUAS,W.P. Kuala Lumpur,11.65262455865045
LENGKUAS,W.P. Labuan,10.23802752293578
LENGKUAS,W.P. Putrajaya,10.241828358208958
LIMAU KASTURI,Johor,7.168711409395974
LIMAU KASTURI,Kedah,8.654626108998732
LIMAU KASTURI,Kelantan,7.96556464811784
LIMAU KASTURI,Melaka,6.819035639412999
LIMAU KASTURI,Negeri Sembilan,7.611140776699029
LIMAU KASTURI,Pahang,7.926992059785147
LIMAU KASTURI,Perak,7.483218720152818
LIMAU KASTURI,Perlis,10.517600896860989
LIMAU KASTURI,Pulau Pinang,8.840191693290736
LIMAU KASTURI,Sabah,7.216967349197565
LIMAU KASTURI,Sarawak,8.023851351351352
LIMAU KASTURI,Selangor,7.946455627705627
LIMAU KASTURI,Terengganu,9.215456204379562
LIMAU KASTURI,W.P. Kuala Lumpur,8.923850850414304
LIMAU KASTURI,W.P. Labuan,7.570725806451613
LIMAU KASTURI,W.P. Putrajaya,9.798296296296297
LIMAU NIPIS,Johor,7.922211538461538
LIMAU NIPIS,Kedah,8.309365976145637
LIMAU NIPIS,Kelantan,7.656562184024267
LIMAU NIPIS,Melaka,7.767146017699115
LIMAU NIPIS,Negeri Sembilan,7.969803921568627
LIMAU NIPIS,Pahang,7.592954647507859
LIMAU NIPIS,Perak,7.685795401220084
LIMAU NIPIS,Perlis,9.52226872246696
LIMAU NIPIS,Pulau Pinang,8.539271058315334
LIMAU NIPIS,Sabah,8.895313710302093
LIMAU NIPIS,Sarawak,9.726455026455026
LIMAU NIPIS,Selangor,8.327798213347346
LIMAU NIPIS,Terengganu,8.421842696629213
LIMAU NIPIS,W.P. Kuala Lumpur,9.311626853377266
LIMAU NIPIS,W.P. Labuan,9.638800000000002
LIMAU NIPIS,W.P. Putrajaya,9.258303249097471
LOBAK MERAH,Johor,4.449428020565554
LOBAK MERAH,Kedah,4.603414043583535
LOBAK MERAH,Kelantan,4.555717909690513
LOBAK MERAH,Melaka,4.643268482490272
LOBAK MERAH,Negeri Sembilan,4.563756218905473
LOBAK MERAH,Pahang,4.556410371032634
LOBAK MERAH,Perak,4.580729401170644
LOBAK MERAH,Perlis,5.21048523206751
LOBAK MERAH,Pulau Pinang,4.802910330361825
LOBAK MERAH,Sabah,5.380875405280223
LOBAK MERAH,Sarawak,5.7721148163782185
LOBAK MERAH,Selangor,4.423290751149719
LOBAK MERAH,Terengganu,4.638703703703704
LOBAK MERAH,W.P. Kuala Lumpur,4.936719397363466
LOBAK MERAH,W.P. Labuan,5.628217054263565
LOBAK MERAH,W.P. Putrajaya,4.767439446366782
NENAS BIASA,Johor,3.788680182043856
NENAS BIASA,Kedah,4.388325757575758
NENAS BIASA,Kelantan,4.35325
NENAS BIASA,Melaka,3.889075144508671
NENAS BIASA,Negeri Sembilan,3.9733534136546185
NENAS BIASA,Pahang,4.609204350314826
NENAS BIASA,Perak,4.215715896279594
NENAS BIASA,Perlis,4.475243553008596
NENAS BIASA,Pulau Pinang,4.333894870170995
NENAS BIASA,Sabah,5.825828220858895
NENAS BIASA,Sarawak,5.17489247311828
NENAS BIASA,Selangor,4.309374641422835
NENAS BIASA,Terengganu,4.474295918367347
NENAS BIASA,W.P. Kuala Lumpur,5.063601414052143
NENAS BIASA,W.P. Labuan,7.8
NENAS BIASA,W.P. Putrajaya,4.191290322580645
PAHA AYAM (CHICKEN DRUMSTICK),Johor,15.359651741293533
PAHA AYAM (CHICKEN DRUMSTICK),Kedah,15.189531250000002
PAHA AYAM (CHICKEN DRUMSTICK),Kelantan,15.36477055449331
PAHA AYAM (CHICKEN DRUMSTICK),Melaka,14.85963060686016
PAHA AYAM (CHICKEN DRUMSTICK),Negeri Sembilan,15.567840909090908
PAHA AYAM (CHICKEN DRUMSTICK),Pahang,15.084315225707725
PAHA AYAM (CHICKEN DRUMSTICK),Perak,15.717048634243838
PAHA AYAM (CHICKEN DRUMSTICK),Perlis,13.864
PAHA AYAM (CHICKEN DRUMSTICK),Pulau Pinang,16.46873891625616
PAHA AYAM (CHICKEN DRUMSTICK),Sabah,15.66301518438178
PAHA AYAM (CHICKEN DRUMSTICK),Sarawak,15.061825396825398
PAHA AYAM (CHICKEN DRUMSTICK),Selangor,16.165742358078607
PAHA AYAM (CHICKEN DRUMSTICK),Terengganu,15.753493635077795
PAHA AYAM (CHICKEN DRUMSTICK),W.P. Kuala Lumpur,16.764296661193214
PAHA AYAM (CHICKEN DRUMSTICK),W.P. Labuan,16.713285714285718
PAHA AYAM (CHICKEN DRUMSTICK),W.P. Putrajaya,15.993214285714288
PISANG BERANGAN,Johor,6.030649263721553
PISANG BERANGAN,Kedah,6.285278969957081
PISANG BERANGAN,Kelantan,6.29122794117647
PISANG BERANGAN,Melaka,6.257348484848485
PISANG BERANGAN,Negeri Sembilan,6.168422222222223
PISANG BERANGAN,Pahang,6.599576490924807
PISANG BERANGAN,Perak,6.228508180943215
PISANG BERANGAN,Perlis,6.577045454545455
PISANG BERANGAN,Pulau Pinang,6.743773928896992
PISANG BERANGAN,Sabah,5.311761133603239
PISANG BERANGAN,Sarawak,5.831812080536913
PISANG BERANGAN,Selangor,6.76015360983103
PISANG BERANGAN,Terengganu,6.919015706806283
PISANG BERANGAN,W.P. Kuala Lumpur,7.055980810234542
PISANG BERANGAN,W.P. Labuan,6.11734693877551
PISANG BERANGAN,W.P. Putrajaya,6.962544642857144
PISANG EMAS,Johor,5.475986159169551
PISANG EMAS,Kedah,6.3277897574124
PISANG EMAS,Kelantan,8.736976744186046
PISANG EMAS,Melaka,8.895
PISANG EMAS,Negeri Sembilan,6.321698113207549
PISANG EMAS,Pahang,6.068908045977012
PISANG EMAS,Perak,5.876195121951219
PISANG EMAS,Perlis,7.015384615384615
PISANG EMAS,Pulau Pinang,6.756448484848485
PISANG EMAS,Sabah,4.542344322344323
PISANG EMAS,Sarawak,3.824144144144144
PISANG EMAS,Selangor,7.07313701923077
PISANG EMAS,Terengganu,7.300329670329672
PISANG EMAS,W.P. Kuala Lumpur,7.642812227074236
PISANG EMAS,W.P. Labuan,5.157142857142857
PISANG EMAS,W.P. Putrajaya,7.404264705882352
SADERI,Johor,8.336802957807743
SADERI,Kedah,11.010810810810812
SADERI,Kelantan,8.68543653250774
SADERI,Melaka,9.42605
SADERI,Negeri Sembilan,8.412049808429119
SADERI,Pahang,7.708199883109293
SADERI,Perak,9.614400317712471
SADERI,Perlis,12.067892376681616
SADERI,Pulau Pinang,10.57058734939759
SADERI,Sabah,9.628587830080368
SADERI,Sarawak,8.638333333333335
SADERI,Selangor,8.379753424657535
SADERI,Terengganu,8.926587351283656
SADERI,W.P. Kuala Lumpur,8.284910988336403
SADERI,W.P. Labuan,11.214567901234568
SADERI,W.P. Putrajaya,9.221162790697674
SANTAN KELAPA SEGAR (PEKAT),Johor,10.474095238095238
SANTAN KELAPA SEGAR (PEKAT),Kedah,12.196490384615384
SANTAN KELAPA SEGAR (PEKAT),Kelantan,10.455322966507175
SANTAN KELAPA SEGAR (PEKAT),Melaka,9.831372549019608
SANTAN KELAPA SEGAR (PEKAT),Negeri Sembilan,10.291139240506327
SANTAN KELAPA SEGAR (PEKAT),Pahang,14.554385964912282
SANTAN KELAPA SEGAR (PEKAT),Perak,11.675483870967742
SANTAN KELAPA SEGAR (PEKAT),Perlis,11.613333333333332
SANTAN KELAPA SEGAR (PEKAT),Pulau Pinang,11.530139720558882
SANTAN KELAPA SEGAR (PEKAT),Sabah,10.137974683544304
SANTAN KELAPA SEGAR (PEKAT),Sarawak,10.038461538461538
SANTAN KELAPA SEGAR (PEKAT),Selangor,12.476495726495726
SANTAN KELAPA SEGAR (PEKAT),Terengganu,11.201342281879194
SANTAN KELAPA SEGAR (PEKAT),W.P. Kuala Lumpur,10.9
SANTAN KELAPA SEGAR (PEKAT),W.P. Putrajaya,11.375
SAWI HIJAU,Johor,4.362155642023347
SAWI HIJAU,Kedah,4.117003968253968
SAWI HIJAU,Kelantan,4.253357015985791
SAWI HIJAU,Melaka,4.0366452991453
SAWI HIJAU,Negeri Sembilan,4.047016666666667
SAWI HIJAU,Pahang,4.438917874396136
SAWI HIJAU,Perak,3.769906633906634
SAWI HIJAU,Perlis,4.559525
SAWI HIJAU,Pulau Pinang,4.15212020033389
SAWI HIJAU,Sabah,6.96774664331582
SAWI HIJAU,Sarawak,8.33099389712293
SAWI HIJAU,Selangor,4.680283018867924
SAWI HIJAU,Terengganu,5.703255605381166
SAWI HIJAU,W.P. Kuala Lumpur,4.935906362545019
SAWI HIJAU,W.P. Labuan,7.853378378378377
SAWI HIJAU,W.P. Putrajaya,6.270711462450593
SOTONG (Lebih atau samadengan 6 EKOR SEKILOGRAM),Johor,34.31044799176107
SOTONG (Lebih atau samadengan 6 EKOR SEKILOGRAM),Kedah,29.16580503833516
SOTONG (Lebih atau samadengan 6 EKOR SEKILOGRAM),Kelantan,31.20186046511628
SOTONG (Lebih atau samadengan 6 EKOR SEKILOGRAM),Melaka,34.624961636828644
SOTONG (Lebih atau samadengan 6 EKOR SEKILOGRAM),Negeri Sembilan,30.57716917922948
SOTONG (Lebih atau samadengan 6 EKOR SEKILOGRAM),Pahang,41.493975903614455
SOTONG (Lebih atau samadengan 6 EKOR SEKILOGRAM),Perak,29.64685987261147
SOTONG (Lebih atau samadengan 6 EKOR SEKILOGRAM),Perlis,32.11764705882353
SOTONG (Lebih atau samadengan 6 EKOR SEKILOGRAM),Pulau Pinang,31.713613595706622
SOTONG (Lebih atau samadengan 6 EKOR SEKILOGRAM),Sabah,17.893421828908558
SOTONG (Lebih atau samadengan 6 EKOR SEKILOGRAM),Sarawak,31.649417808219177
SOTONG (Lebih atau samadengan 6 EKOR SEKILOGRAM),Selangor,33.75214549938348
SOTONG (Lebih atau samadengan 6 EKOR SEKILOGRAM),Terengganu,36.67528827037773
SOTONG (Lebih atau samadengan 6 EKOR SEKILOGRAM),W.P. Kuala Lumpur,40.136788598574825
SOTONG (Lebih atau samadengan 6 EKOR SEKILOGRAM),W.P. Labuan,19.08823529411765
SOTONG (Lebih atau samadengan 6 EKOR SEKILOGRAM),W.P. Putrajaya,35.811023622047244
TAUGE KACANG HIJAU,Johor,3.84329650092081
TAUGE KACANG HIJAU,Kedah,4.189542989930287
TAUGE KACANG HIJAU,Kelantan,4.343391353172375
TAUGE KACANG HIJAU,Melaka,3.4571428571428573
TAUGE KACANG HIJAU,Negeri Sembilan,3.322826086956522
TAUGE KACANG HIJAU,Pahang,4.1129923150816525
TAUGE KACANG HIJAU,Perak,3.477662538699691
TAUGE KACANG HIJAU,Perlis,4.750135869565218
TAUGE KACANG HIJAU,Pulau Pinang,3.541343873517787
TAUGE KACANG HIJAU,Sabah,5.214201909959073
TAUGE KACANG HIJAU,Sarawak,4.272483176312248
TAUGE KACANG HIJAU,Selangor,3.4048352242031337
TAUGE KACANG HIJAU,Terengganu,4.315221864951768
TAUGE KACANG HIJAU,W.P. Kuala Lumpur,3.782761130136987
TAUGE KACANG HIJAU,W.P. Labuan,4.990000000000001
TAUGE KACANG HIJAU,W.P. Putrajaya,3.9760483870967738
TAUHU (JENIS KERAS),Johor,0.5697367266344887
TAUHU (JENIS KERAS),Kedah,0.7168416370106762
TAUHU (JENIS KERAS),Kelantan,0.7084186046511628
TAUHU (JENIS KERAS),Melaka,0.5889196675900277
TAUHU (JENIS KERAS),Negeri Sembilan,0.6435587761674718
TAUHU (JENIS KERAS),Pahang,0.6903534031413613
TAUHU (JENIS KERAS),Perak,0.7566414141414142
TAUHU (JENIS KERAS),Perlis,0.7729739776951673
TAUHU (JENIS KERAS),Pulau Pinang,0.7218115412710007
TAUHU (JENIS KERAS),Sabah,1.3005
TAUHU (JENIS KERAS),Sarawak,1.0669905417024936
TAUHU (JENIS KERAS),Selangor,0.6621850699844478
TAUHU (JENIS KERAS),Terengganu,0.7795711060948081
TAUHU (JENIS KERAS),W.P. Kuala Lumpur,0.6938277919863597
TAUHU (JENIS KERAS),W.P. Putrajaya,0.7080281690140846
TELUR AYAM GRED A,Johor,12.571347107438015
TELUR AYAM GRED A,Kedah,12.59614795918367
TELUR AYAM GRED A,Kelantan,12.599999999999996
TELUR AYAM GRED A,Melaka,12.557593582887698
TELUR AYAM GRED A,Negeri Sembilan,12.594428152492666
TELUR AYAM GRED A,Pahang,12.538716744913923
TELUR AYAM GRED A,Perak,12.583088235294117
TELUR AYAM GRED A,Perlis,12.6
TELUR AYAM GRED A,Pulau Pinang,12.57454909819639
TELUR AYAM GRED A,Sabah,14.3540350877193
TELUR AYAM GRED A,Sarawak,13.44059405940594
TELUR AYAM GRED A,Selangor,12.544297124600636
TELUR AYAM GRED A,Terengganu,12.559595959595956
TELUR AYAM GRED A,W.P. Kuala Lumpur,12.57423664122137
TELUR AYAM GRED A,W.P. Labuan,15.3
TELUR AYAM GRED A,W.P. Putrajaya,12.52125
TELUR AYAM GRED B,Johor,11.96844978165939
TELUR AYAM GRED B,Kedah,11.99909233176839
TELUR AYAM GRED B,Kelantan,12.001167108753314
TELUR AYAM GRED B,Melaka,11.99355623100304
TELUR AYAM GRED B,Negeri Sembilan,11.98047493403694
TELUR AYAM GRED B,Pahang,11.955322195704058
TELUR AYAM GRED B,Perak,11.994033412887829
TELUR AYAM GRED B,Perlis,11.975307262569832
TELUR AYAM GRED B,Pulau Pinang,11.954128571428573
TELUR AYAM GRED B,Sabah,13.926432291666666
TELUR AYAM GRED B,Sarawak,12.986713286713286
TELUR AYAM GRED B,Selangor,11.924497282608696
TELUR AYAM GRED B,Terengganu,11.913883720930231
TELUR AYAM GRED B,W.P. Kuala Lumpur,11.959334085778782
TELUR AYAM GRED B,W.P. Labuan,15.0
TELUR AYAM GRED B,W.P. Putrajaya,11.803333333333336
TELUR AYAM GRED C,Johor,11.35850791717418
TELUR AYAM GRED C,Kedah,11.395469255663434
TELUR AYAM GRED C,Kelantan,11.392236598890944
TELUR AYAM GRED C,Melaka,11.263147410358568
TELUR AYAM GRED C,Negeri Sembilan,11.369784482758623
TELUR AYAM GRED C,Pahang,11.34104166666667
TELUR AYAM GRED C,Perak,11.3979020979021
TELUR AYAM GRED C,Perlis,11.281578947368423
TELUR AYAM GRED C,Pulau Pinang,11.332684824902724
TELUR AYAM GRED C,Sabah,13.70297619047619
TELUR AYAM GRED C,Sarawak,12.174545454545456
TELUR AYAM GRED C,Selangor,11.338713318284428
TELUR AYAM GRED C,Terengganu,11.29351620947631
TELUR AYAM GRED C,W.P. Kuala Lumpur,11.372731755424068
TELUR AYAM GRED C,W.P. Labuan,14.7
TELUR AYAM GRED C,W.P. Putrajaya,11.253125
TELUR AYAM KAMPUNG,Johor,7.268838669177651
TELUR AYAM KAMPUNG,Kedah,7.873094170403586
TELUR AYAM KAMPUNG,Kelantan,8.080751879699248
TELUR AYAM KAMPUNG,Melaka,7.602848484848485
TELUR AYAM KAMPUNG,Negeri Sembilan,7.14962389380531
TELUR AYAM KAMPUNG,Pahang,7.549239130434782
TELUR AYAM KAMPUNG,Perak,7.526240942028985
TELUR AYAM KAMPUNG,Perlis,7.642957746478874
TELUR AYAM KAMPUNG,Pulau Pinang,6.97377973568282
TELUR AYAM KAMPUNG,Sabah,14.625
TELUR AYAM KAMPUNG,Sarawak,7.607924731182797
TELUR AYAM KAMPUNG,Selangor,7.6358071748878915
TELUR AYAM KAMPUNG,Terengganu,7.5050255102040815
TELUR AYAM KAMPUNG,W.P. Kuala Lumpur,7.705982510288065
TELUR AYAM KAMPUNG,W.P. Putrajaya,7.569601990049751
TELUR MASIN (1 biji),Johor,1.3987935483870968
TELUR MASIN (1 biji),Kedah,1.3707929515418502
TELUR MASIN (1 biji),Kelantan,1.4710340136054425
TELUR MASIN (1 biji),Melaka,1.435973154362416
TELUR MASIN (1 biji),Negeri Sembilan,1.4268459657701713
TELUR MASIN (1 biji),Pahang,1.418697916666667
TELUR MASIN (1 biji),Perak,1.3723981191222572
TELUR MASIN (1 biji),Perlis,1.4132596685082874
TELUR MASIN (1 biji),Pulau Pinang,1.3576341463414634
TELUR MASIN (1 biji),Sabah,1.582210708117444
TELUR MASIN (1 biji),Sarawak,1.3822652329749106
TELUR MASIN (1 biji),Selangor,1.4451057082452432
TELUR MASIN (1 biji),Terengganu,1.453604938271605
TELUR MASIN (1 biji),W.P. Kuala Lumpur,1.481232
TELUR MASIN (1 biji),W.P. Labuan,8.5
TELUR MASIN (1 biji),W.P. Putrajaya,1.592307692307692
TELUR MASIN (4 biji),Johor,6.354451219512194
TELUR MASIN (4 biji),Kedah,5.955432098765432
TELUR MASIN (4 biji),Kelantan,5.812123842592592
TELUR MASIN (4 biji),Melaka,6.2615668202764985
TELUR MASIN (4 biji),Negeri Sembilan,6.278268876611419
TELUR MASIN (4 biji),Pahang,6.351607000795545
TELUR MASIN (4 biji),Perak,5.956534351145039
TELUR MASIN (4 biji),Perlis,5.829811320754716
TELUR MASIN (4 biji),Pulau Pinang,5.992367312552654
TELUR MASIN (4 biji),Sabah,6.851984392419174
TELUR MASIN (4 biji),Sarawak,6.174587360594796
TELUR MASIN (4 biji),Selangor,6.273403068340307
TELUR MASIN (4 biji),Terengganu,6.211847133757962
TELUR MASIN (4 biji),W.P. Kuala Lumpur,6.893928571428572
TELUR MASIN (4 biji),W.P. Labuan,7.374761904761905
TELUR MASIN (4 biji),W.P. Putrajaya,6.496089965397925
TEMBIKAI MERAH TANPA BIJI,Johor,2.8552362542955327
TEMBIKAI MERAH TANPA BIJI,Kedah,2.7750235626767203
TEMBIKAI MERAH TANPA BIJI,Kelantan,2.644574951330305
TEMBIKAI MERAH TANPA BIJI,Melaka,2.933210526315789
TEMBIKAI MERAH TANPA BIJI,Negeri Sembilan,2.846131498470948
TEMBIKAI MERAH TANPA BIJI,Pahang,2.6804713804713804
TEMBIKAI MERAH TANPA BIJI,Perak,2.9083431635388743
TEMBIKAI MERAH TANPA BIJI,Perlis,3.089380952380953
TEMBIKAI MERAH TANPA BIJI,Pulau Pinang,3.164942112879885
TEMBIKAI MERAH TANPA BIJI,Sabah,4.952626903553299
TEMBIKAI MERAH TANPA BIJI,Sarawak,4.8401721014492765
TEMBIKAI MERAH TANPA BIJI,Selangor,3.1071060171919767
TEMBIKAI MERAH TANPA BIJI,Terengganu,2.882706502636204
TEMBIKAI MERAH TANPA BIJI,W.P. Kuala Lumpur,3.739454474097331
TEMBIKAI MERAH TANPA BIJI,W.P. Labuan,4.683999999999999
TEMBIKAI MERAH TANPA BIJI,W.P. Putrajaya,3.262375886524823
TEMBIKAI SUSU,Johor,6.110059656972409
TEMBIKAI SUSU,Kedah,5.816710963455151
TEMBIKAI SUSU,Kelantan,5.384641577060932
TEMBIKAI SUSU,Melaka,6.194597315436242
TEMBIKAI SUSU,Negeri Sembilan,6.123405275779376
TEMBIKAI SUSU,Pahang,6.803469387755102
TEMBIKAI SUSU,Perak,6.029926854754441
TEMBIKAI SUSU,Perlis,6.250405405405405
TEMBIKAI SUSU,Pulau Pinang,6.256783555018138
TEMBIKAI SUSU,Sabah,5.000866666666666
TEMBIKAI SUSU,Sarawak,7.853983606557377
TEMBIKAI SUSU,Selangor,6.297445432497979
TEMBIKAI SUSU,Terengganu,6.466926503340757
TEMBIKAI SUSU,W.P. Kuala Lumpur,6.85999020088192
TEMBIKAI SUSU,W.P. Labuan,5.338399999999999
TEMBIKAI SUSU,W.P. Putrajaya,6.285194174757281
TEMPE (BUNGKUSAN PLASTIK),Johor,1.4335205479452051
TEMPE (BUNGKUSAN PLASTIK),Kedah,1.4846327014218008
TEMPE (BUNGKUSAN PLASTIK),Kelantan,1.3816290212183435
TEMPE (BUNGKUSAN PLASTIK),Melaka,1.3262530413625302
TEMPE (BUNGKUSAN PLASTIK),Negeri Sembilan,1.3746132971506104
TEMPE (BUNGKUSAN PLASTIK),Pahang,1.4143047091412742
TEMPE (BUNGKUSAN PLASTIK),Perak,1.4771468926553677
TEMPE (BUNGKUSAN PLASTIK),Perlis,1.59675
TEMPE (BUNGKUSAN PLASTIK),Pulau Pinang,1.43420395421436
TEMPE (BUNGKUSAN PLASTIK),Sabah,1.6902998500749626
TEMPE (BUNGKUSAN PLASTIK),Sarawak,1.6640538573508008
TEMPE (BUNGKUSAN PLASTIK),Selangor,1.4452669742913646
TEMPE (BUNGKUSAN PLASTIK),Terengganu,1.6007698412698412
TEMPE (BUNGKUSAN PLASTIK),W.P. Kuala Lumpur,1.2850286041189931
TEMPE (BUNGKUSAN PLASTIK),W.P. Labuan,1.5918918918918918
TEMPE (BUNGKUSAN PLASTIK),W.P. Putrajaya,1.289950248756219
TERUNG PANJANG,Johor,8.232153297682707
TERUNG PANJANG,Kedah,8.002726638772664
TERUNG PANJANG,Kelantan,7.2625
TERUNG PANJANG,Melaka,8.843842105263157
TERUNG PANJANG,Negeri Sembilan,7.612807881773398
TERUNG PANJANG,Pahang,7.955592334494771
TERUNG PANJANG,Perak,7.884745475113122
TERUNG PANJANG,Perlis,7.35185873605948
TERUNG PANJANG,Pulau Pinang,8.157010022271713
TERUNG PANJANG,Sabah,7.2787446300716
TERUNG PANJANG,Sarawak,9.262031872509962
TERUNG PANJANG,Selangor,8.347045309508616
TERUNG PANJANG,Terengganu,7.907148014440434
TERUNG PANJANG,W.P. Kuala Lumpur,8.83335127860027
TERUNG PANJANG,W.P. Labuan,8.525133333333333
TERUNG PANJANG,W.P. Putrajaya,8.894361702127659
THIGH AYAM,Johor,12.038809368900456
THIGH AYAM,Kedah,12.026722090261282
THIGH AYAM,Kelantan,12.637785843920144
THIGH AYAM,Melaka,11.191371951219514
THIGH AYAM,Negeri Sembilan,11.878308823529412
THIGH AYAM,Pahang,12.394771689497718
THIGH AYAM,Perak,12.440060137457044
THIGH AYAM,Perlis,12.934612068965516
THIGH AYAM,Pulau Pinang,11.86292944785276
THIGH AYAM,Sabah,14.967426470588236
THIGH AYAM,Sarawak,14.175364667747164
THIGH AYAM,Selangor,12.178784246575342
THIGH AYAM,Terengganu,12.768121546961323
THIGH AYAM,W.P. Kuala Lumpur,13.03509842519685
THIGH AYAM,W.P. Labuan,14.5
THIGH AYAM,W.P. Putrajaya,12.12688172043011
TIMUN,Johor,3.621668769716088
TIMUN,Kedah,3.873273514851485
TIMUN,Kelantan,3.912685231228245
TIMUN,Melaka,3.6606576402321087
TIMUN,Negeri Sembilan,3.666170960187353
TIMUN,Pahang,3.627183035714286
TIMUN,Perak,4.044354130052724
TIMUN,Perlis,4.366744680851063
TIMUN,Pulau Pinang,4.093574778530485
TIMUN,Sabah,3.419351351351351
TIMUN,Sarawak,3.7013029182079737
TIMUN,Selangor,3.7690113133300542
TIMUN,Terengganu,4.026851851851852
TIMUN,W.P. Kuala Lumpur,4.246509818451278
TIMUN,W.P. Labuan,3.33890977443609
TIMUN,W.P. Putrajaya,4.371196013289037
TOMATO,Johor,6.670528468071721
TOMATO,Kedah,7.160921544209215
TOMATO,Kelantan,6.727317682317683
TOMATO,Melaka,6.716461538461539
TOMATO,Negeri Sembilan,6.490470723306544
TOMATO,Pahang,6.796971302428257
TOMATO,Perak,6.744668714348399
TOMATO,Perlis,7.716947368421053
TOMATO,Pulau Pinang,6.733923273657289
TOMATO,Sabah,7.249866201279814
TOMATO,Sarawak,10.533835537665324
TOMATO,Selangor,6.563488714425907
TOMATO,Terengganu,7.181517671517672
TOMATO,W.P. Kuala Lumpur,6.612775377969763
TOMATO,W.P. Labuan,6.887368421052631
TOMATO,W.P. Putrajaya,7.388092105263158
UBI KENTANG IMPORT (CHINA),Johor,3.058164689462666
UBI KENTANG IMPORT (CHINA),Kedah,3.309032534246575
UBI KENTANG IMPORT (CHINA),Kelantan,3.5804488188976378
UBI KENTANG IMPORT (CHINA),Melaka,3.2332222222222224
UBI KENTANG IMPORT (CHINA),Negeri Sembilan,3.0331775700934576
UBI KENTANG IMPORT (CHINA),Pahang,3.5490904445579967
UBI KENTANG IMPORT (CHINA),Perak,3.338064192577733
UBI KENTANG IMPORT (CHINA),Perlis,3.809654320987654
UBI KENTANG IMPORT (CHINA),Pulau Pinang,3.527281839622642
UBI KENTANG IMPORT (CHINA),Sabah,4.077227550130776
UBI KENTANG IMPORT (CHINA),Sarawak,3.737836349331235
UBI KENTANG IMPORT (CHINA),Selangor,3.067720588235294
UBI KENTANG IMPORT (CHINA),Terengganu,3.426547965116279
UBI KENTANG IMPORT (CHINA),W.P. Kuala Lumpur,3.279684663162924
UBI KENTANG IMPORT (CHINA),W.P. Labuan,3.959537572254335
UBI KENTANG IMPORT (CHINA),W.P. Putrajaya,3.814349315068493
UDANG HARIMAU (ANTARA 20 HINGGA 30 EKOR SEKILOGRAM),Johor,41.52702994011976
UDANG HARIMAU (ANTARA 20 HINGGA 30 EKOR SEKILOGRAM),Kedah,38.83849710982658
UDANG HARIMAU (ANTARA 20 HINGGA 30 EKOR SEKILOGRAM),Kelantan,42.66350543478261
UDANG HARIMAU (ANTARA 20 HINGGA 30 EKOR SEKILOGRAM),Melaka,43.56722772277228
UDANG HARIMAU (ANTARA 20 HINGGA 30 EKOR SEKILOGRAM),Negeri Sembilan,41.28589743589743
UDANG HARIMAU (ANTARA 20 HINGGA 30 EKOR SEKILOGRAM),Pahang,41.16931693989071
UDANG HARIMAU (ANTARA 20 HINGGA 30 EKOR SEKILOGRAM),Perak,40.84315369261477
UDANG HARIMAU (ANTARA 20 HINGGA 30 EKOR SEKILOGRAM),Perlis,37.333333333333336
UDANG HARIMAU (ANTARA 20 HINGGA 30 EKOR SEKILOGRAM),Pulau Pinang,46.08220430107527
UDANG HARIMAU (ANTARA 20 HINGGA 30 EKOR SEKILOGRAM),Sabah,55.74074074074074
UDANG HARIMAU (ANTARA 20 HINGGA 30 EKOR SEKILOGRAM),Sarawak,41.56162729658792
UDANG HARIMAU (ANTARA 20 HINGGA 30 EKOR SEKILOGRAM),Selangor,44.87443223443224
UDANG HARIMAU (ANTARA 20 HINGGA 30 EKOR SEKILOGRAM),Terengganu,41.62590909090909
UDANG HARIMAU (ANTARA 20 HINGGA 30 EKOR SEKILOGRAM),W.P. Kuala Lumpur,55.18428054298642
UDANG HARIMAU (ANTARA 20 HINGGA 30 EKOR SEKILOGRAM),W.P. Putrajaya,42.48061224489796
UDANG KERING,Johor,7.331405304792927
UDANG KERING,Kedah,7.511794871794871
UDANG KERING,Kelantan,7.59524064171123
UDANG KERING,Melaka,7.924700193423597
UDANG KERING,Negeri Sembilan,6.715860113421551
UDANG KERING,Pahang,6.779060606060607
UDANG KERING,Perak,6.672724481964698
UDANG KERING,Perlis,7.684375
UDANG KERING,Pulau Pinang,8.08008319467554
UDANG KERING,Sabah,5.943174311926605
UDANG KERING,Sarawak,7.529572301425663
UDANG KERING,Selangor,7.228949958982773
UDANG KERING,Terengganu,6.761856899488928
UDANG KERING,W.P. Kuala Lumpur,8.457845417236662
UDANG KERING,W.P. Labuan,6.246666666666667
UDANG KERING,W.P. Putrajaya,6.367076923076922
UDANG PUTIH OR VANNAMEI (TERNAK) (ANTARA 41 HINGGA 60 EKOR SEKILOGRAM),Johor,32.262084745762714
UDANG PUTIH OR VANNAMEI (TERNAK) (ANTARA 41 HINGGA 60 EKOR SEKILOGRAM),Kedah,28.324424778761063
UDANG PUTIH OR VANNAMEI (TERNAK) (ANTARA 41 HINGGA 60 EKOR SEKILOGRAM),Kelantan,30.963055555555552
UDANG PUTIH OR VANNAMEI (TERNAK) (ANTARA 41 HINGGA 60 EKOR SEKILOGRAM),Melaka,32.71602222222222
UDANG PUTIH OR VANNAMEI (TERNAK) (ANTARA 41 HINGGA 60 EKOR SEKILOGRAM),Negeri Sembilan,30.91421238938053
UDANG PUTIH OR VANNAMEI (TERNAK) (ANTARA 41 HINGGA 60 EKOR SEKILOGRAM),Pahang,33.64202844774274
UDANG PUTIH OR VANNAMEI (TERNAK) (ANTARA 41 HINGGA 60 EKOR SEKILOGRAM),Perak,29.54243496357961
UDANG PUTIH OR VANNAMEI (TERNAK) (ANTARA 41 HINGGA 60 EKOR SEKILOGRAM),Perlis,30.21406698564593
UDANG PUTIH OR VANNAMEI (TERNAK) (ANTARA 41 HINGGA 60 EKOR SEKILOGRAM),Pulau Pinang,31.3393201754386
UDANG PUTIH OR VANNAMEI (TERNAK) (ANTARA 41 HINGGA 60 EKOR SEKILOGRAM),Sabah,34.23395652173913
UDANG PUTIH OR VANNAMEI (TERNAK) (ANTARA 41 HINGGA 60 EKOR SEKILOGRAM),Sarawak,36.88065217391304
UDANG PUTIH OR VANNAMEI (TERNAK) (ANTARA 41 HINGGA 60 EKOR SEKILOGRAM),Selangor,31.95400639318061
UDANG PUTIH OR VANNAMEI (TERNAK) (ANTARA 41 HINGGA 60 EKOR SEKILOGRAM),Terengganu,31.024835164835167
UDANG PUTIH OR VANNAMEI (TERNAK) (ANTARA 41 HINGGA 60 EKOR SEKILOGRAM),W.P. Kuala Lumpur,36.419841095890405
UDANG PUTIH OR VANNAMEI (TERNAK) (ANTARA 41 HINGGA 60 EKOR SEKILOGRAM),W.P. Labuan,42.21661375661375
UDANG PUTIH OR VANNAMEI (TERNAK) (ANTARA 41 HINGGA 60 EKOR SEKILOGRAM),W.P. Putrajaya,34.80569852941177
WHOLE LEG AYAM,Johor,14.955532879818591
WHOLE LEG AYAM,Kedah,15.228308227114718
WHOLE LEG AYAM,Kelantan,14.501182495344509
WHOLE LEG AYAM,Melaka,15.042081218274111
WHOLE LEG AYAM,Negeri Sembilan,15.219943396226418
WHOLE LEG AYAM,Pahang,14.339202749140894
WHOLE LEG AYAM,Perak,15.487212817412336
WHOLE LEG AYAM,Perlis,14.58520249221184
WHOLE LEG AYAM,Pulau Pinang,16.28499605367009
WHOLE LEG AYAM,Sabah,14.740956399437414
WHOLE LEG AYAM,Sarawak,15.046477505112476
WHOLE LEG AYAM,Selangor,16.0772501676727
WHOLE LEG AYAM,Terengganu,15.326153846153844
WHOLE LEG AYAM,W.P. Kuala Lumpur,16.28586559139785
WHOLE LEG AYAM,W.P. Labuan,15.34394117647059
WHOLE LEG AYAM,W.P. Putrajaya,15.851293103448278
